resume_text,category,data_source
"DevOps Engineer — 6+ years: Terraform, Kubernetes, AWS, CI/CD, monitoring. Automated deployments with Docker and Python scripting. Certifications: PMP.",DevOps Engineer,train
"Software Engineer (2+ yrs) — Java 21, Spring Boot, microservices on AWS. CI/CD with Jenkins, Docker, Kubernetes. BS Computer Science. Additional: Kafka.",Software Engineer,train
"DevOps Engineer — 4+ years: Terraform, Kubernetes, AWS, CI/CD, monitoring. Automated deployments with Docker and Python scripting. Certifications: CKA. Additional: Airflow.",DevOps Engineer,train
"Frontend Developer specializing in React.js, TypeScript, CSS3, and accessibility. 14 years building responsive SPAs with Node.js backends. Languages: Spanish (professional).",Frontend Developer,train
"Product Manager with 8 years driving roadmaps, user research, and KPI tracking. Agile ceremonies, Jira, and cross-functional leadership with engineering and design. Languages: English (native).",Product Manager,train
"Frontend Developer specializing in React.js, TypeScript, CSS3, and accessibility. 2 years building responsive SPAs with Node.js backends. Tools: Datadog. Additional: Snowflake.",Frontend Developer,train
"Career profile — Backend-focused Software Engineer using C++, Python, and REST APIs. Experience with .NET Core, PostgreSQL, Redis, and Agile/Scrum teams since 2016. Tools: Confluence. Additional: Spark, Airflow.",Software Engineer,holdout
"Data Scientist with 7+ years applying Python 3.8, scikit-learn, and XGBoost. Built predictive models using Azure and SQL. MS in Statistics. Skills: Pandas, NumPy, TensorFlow 2.x, NLP, data visualization.",Data Scientist,train
"Backend Developer — Node.js, GraphQL, PostgreSQL, Redis. 7+ years designing scalable APIs and event-driven architectures. Certifications: CKA. Additional: Rust, Spark.",Backend Developer,train
"Software Engineer (12+ yrs) — Java 12, Spring Boot, microservices on AWS. CI/CD with Jenkins, Docker, Kubernetes. BS Computer Science. Certifications: CKA.",Software Engineer,train
"Software Engineer (7+ yrs) — Java 15, Spring Boot, microservices on GCP. CI/CD with Jenkins, Docker, Kubernetes. BS Computer Science.",Software Engineer,train
"Senior Data Scientist — 10 years in ML pipelines, A/B testing, and stakeholder reporting. Proficient in Python 3.11, PyTorch, Spark, and Tableau. PhD coursework in machine learning. Additional: Spark, dbt.",Data Scientist,train
"Backend-focused Software Engineer using C++, Python, and REST APIs. Experience with .NET Core, PostgreSQL, Redis, and Agile/Scrum teams since 2021. Certifications: CKA.",Software Engineer,train
"Full Stack Developer — MERN stack, GraphQL, MongoDB. 6 years end-to-end delivery with React and Express.js on GCP. Additional: Rust, dbt.",Full Stack Developer,train
"Data Analyst (5 yrs) — SQL, Power BI, Excel, statistical reporting for business units. Experience with Python for automation and dashboarding. Languages: Spanish (professional). Additional: Snowflake, Rust.",Data Analyst,train
"Full Stack Developer — MERN stack, GraphQL, MongoDB. 8 years end-to-end delivery with React and Express.js on Azure. Languages: Spanish (professional).",Full Stack Developer,train
"Software Engineer (7+ yrs) — Java 10, Spring Boot, microservices on Azure. CI/CD with Jenkins, Docker, Kubernetes. BS Computer Science. Languages: English (native). Additional: dbt.",Software Engineer,train
"Frontend Developer specializing in React.js, TypeScript, CSS3, and accessibility. 6 years building responsive SPAs with Node.js backends. Additional: dbt, Kafka.",Frontend Developer,train
"Full Stack Developer — MERN stack, GraphQL, MongoDB. 14 years end-to-end delivery with React and Express.js on AWS. Additional: Rust.",Full Stack Developer,train
"ML Engineer deploying models at scale — PyTorch, TensorFlow 2.x, MLOps on GCP. 5+ years in computer vision and NLP production systems. Certifications: PMP. Additional: Snowflake, Spark.",Machine Learning Engineer,train
"ML Engineer deploying models at scale — PyTorch, TensorFlow 2.x, MLOps on GCP. 9+ years in computer vision and NLP production systems. Certifications: AWS Certified. Additional: Snowflake, Kafka.",Machine Learning Engineer,train
"DevOps Engineer — 12+ years: Terraform, Kubernetes, AWS, CI/CD, monitoring. Automated deployments with Docker and Python scripting. Certifications: CKA. Additional: Snowflake.",DevOps Engineer,train
"Candidate overview | Software Engineer (9+ yrs) — Java 16, Spring Boot, microservices on Azure. CI/CD with Jenkins, Docker, Kubernetes. BS Computer Science. Additional: Airflow, Spark.",Software Engineer,holdout
"Product Manager with 9 years driving roadmaps, user research, and KPI tracking. Agile ceremonies, Jira, and cross-functional leadership with engineering and design. Languages: English (native). Additional: Kafka, Airflow.",Product Manager,train
"Senior Data Scientist — 6 years in ML pipelines, A/B testing, and stakeholder reporting. Proficient in Python 3.10, PyTorch, Spark, and Tableau. PhD coursework in machine learning. Tools: Jira. Additional: Kafka.",Data Scientist,train
"Backend-focused Software Engineer using C++, Python, and REST APIs. Experience with .NET Core, PostgreSQL, Redis, and Agile/Scrum teams since 2023. Languages: English (native).",Software Engineer,train
"Product Manager with 9 years driving roadmaps, user research, and KPI tracking. Agile ceremonies, Jira, and cross-functional leadership with engineering and design.",Product Manager,train
"Product Manager with 11 years driving roadmaps, user research, and KPI tracking. Agile ceremonies, Jira, and cross-functional leadership with engineering and design. Certifications: CKA. Additional: Snowflake.",Product Manager,train
"Career profile — ML Engineer deploying models at scale — PyTorch, TensorFlow 2.x, MLOps on GCP. 9+ years in computer vision and NLP production systems.",Machine Learning Engineer,holdout
"Backend Developer — Node.js, GraphQL, PostgreSQL, Redis. 7+ years designing scalable APIs and event-driven architectures.",Backend Developer,train
"Backend Developer — Node.js, GraphQL, PostgreSQL, Redis. 13+ years designing scalable APIs and event-driven architectures. Languages: English (native).",Backend Developer,train
"Backend-focused Software Engineer using C++, Python, and REST APIs. Experience with .NET Core, PostgreSQL, Redis, and Agile/Scrum teams since 2016. Additional: GraphQL, Snowflake.",Software Engineer,train
"Candidate overview | Senior Data Scientist — 13 years in ML pipelines, A/B testing, and stakeholder reporting. Proficient in Python 3.8, PyTorch, Spark, and Tableau. PhD coursework in machine learning. Additional: GraphQL, Kafka.",Data Scientist,holdout
"Backend-focused Software Engineer using C++, Python, and REST APIs. Experience with .NET Core, PostgreSQL, Redis, and Agile/Scrum teams since 2014. Additional: Rust.",Software Engineer,train
"Career profile — Software Engineer (3+ yrs) — Java 15, Spring Boot, microservices on GCP. CI/CD with Jenkins, Docker, Kubernetes. BS Computer Science.",Software Engineer,holdout
"ML Engineer deploying models at scale — PyTorch, TensorFlow 2.x, MLOps on AWS. 2+ years in computer vision and NLP production systems. Languages: Spanish (professional). Additional: Spark.",Machine Learning Engineer,train
"Data Scientist with 2+ years applying Python 3.8, scikit-learn, and XGBoost. Built predictive models using Azure and SQL. MS in Statistics. Skills: Pandas, NumPy, TensorFlow 2.x, NLP, data visualization. Tools: Confluence.",Data Scientist,train
"Career profile — Software Engineer (14+ yrs) — Java 14, Spring Boot, microservices on GCP. CI/CD with Jenkins, Docker, Kubernetes. BS Computer Science. Languages: Spanish (professional).",Software Engineer,holdout
"Product Manager with 9 years driving roadmaps, user research, and KPI tracking. Agile ceremonies, Jira, and cross-functional leadership with engineering and design. Tools: Jira. Additional: GraphQL, Rust.",Product Manager,train
"Frontend Developer specializing in React.js, TypeScript, CSS3, and accessibility. 8 years building responsive SPAs with Node.js backends. Tools: Jira.",Frontend Developer,train
"Frontend Developer specializing in React.js, TypeScript, CSS3, and accessibility. 5 years building responsive SPAs with Node.js backends. Tools: Confluence. Additional: GraphQL, Airflow.",Frontend Developer,train
"Backend Developer — Node.js, GraphQL, PostgreSQL, Redis. 13+ years designing scalable APIs and event-driven architectures. Certifications: PMP. Additional: Kafka.",Backend Developer,train
"ML Engineer deploying models at scale — PyTorch, TensorFlow 2.x, MLOps on Azure. 9+ years in computer vision and NLP production systems. Additional: Spark.",Machine Learning Engineer,train
"Frontend Developer specializing in React.js, TypeScript, CSS3, and accessibility. 8 years building responsive SPAs with Node.js backends. Languages: Spanish (professional). Additional: Rust, Airflow.",Frontend Developer,train
"Full Stack Developer — MERN stack, GraphQL, MongoDB. 8 years end-to-end delivery with React and Express.js on AWS. Tools: Datadog.",Full Stack Developer,train
"Software Engineer (13+ yrs) — Java 19, Spring Boot, microservices on AWS. CI/CD with Jenkins, Docker, Kubernetes. BS Computer Science. Tools: Confluence.",Software Engineer,train
"Backend Developer — Node.js, GraphQL, PostgreSQL, Redis. 2+ years designing scalable APIs and event-driven architectures. Tools: Datadog. Additional: Snowflake.",Backend Developer,train
"Data Scientist with 10+ years applying Python 3.8, scikit-learn, and PyTorch. Built predictive models using Azure and SQL. MS in Statistics. Skills: Pandas, NumPy, TensorFlow 2.x, NLP, data visualization. Tools: Jira. Additional: Kafka, Airflow.",Data Scientist,train
"ML Engineer deploying models at scale — PyTorch, TensorFlow 2.x, MLOps on Azure. 10+ years in computer vision and NLP production systems. Certifications: PMP. Additional: Airflow, Spark.",Machine Learning Engineer,train
"Software Engineer (12+ yrs) — Java 21, Spring Boot, microservices on Azure. CI/CD with Jenkins, Docker, Kubernetes. BS Computer Science. Additional: Rust.",Software Engineer,train
"Frontend Developer specializing in React.js, TypeScript, CSS3, and accessibility. 12 years building responsive SPAs with Node.js backends. Tools: Jira. Additional: Airflow.",Frontend Developer,train
"Software Engineer (5+ yrs) — Java 21, Spring Boot, microservices on Azure. CI/CD with Jenkins, Docker, Kubernetes. BS Computer Science. Certifications: AWS Certified. Additional: Airflow.",Software Engineer,train
"Full Stack Developer — MERN stack, GraphQL, MongoDB. 9 years end-to-end delivery with React and Express.js on AWS. Languages: Spanish (professional). Additional: Snowflake.",Full Stack Developer,train
"Candidate overview | Senior Data Scientist — 11 years in ML pipelines, A/B testing, and stakeholder reporting. Proficient in Python 3.10, PyTorch, Spark, and Tableau. PhD coursework in machine learning. Tools: Confluence. Additional: GraphQL, Spark.",Data Scientist,holdout
"Data Analyst (11 yrs) — SQL, Power BI, Excel, statistical reporting for business units. Experience with Python for automation and dashboarding. Additional: Kafka.",Data Analyst,train
"Career profile — Full Stack Developer — MERN stack, GraphQL, MongoDB. 13 years end-to-end delivery with React and Express.js on AWS. Languages: Spanish (professional). Additional: GraphQL.",Full Stack Developer,holdout
"Backend Developer — Node.js, GraphQL, PostgreSQL, Redis. 6+ years designing scalable APIs and event-driven architectures. Tools: Datadog.",Backend Developer,train
"Candidate overview | Senior Data Scientist — 2 years in ML pipelines, A/B testing, and stakeholder reporting. Proficient in Python 3.9, PyTorch, Spark, and Tableau. PhD coursework in machine learning. Additional: Airflow.",Data Scientist,holdout
"DevOps Engineer — 8+ years: Terraform, Kubernetes, AWS, CI/CD, monitoring. Automated deployments with Docker and Python scripting. Additional: Airflow.",DevOps Engineer,train
"Backend-focused Software Engineer using C++, Python, and REST APIs. Experience with .NET Core, PostgreSQL, Redis, and Agile/Scrum teams since 2015.",Software Engineer,train
"Backend Developer — Node.js, GraphQL, PostgreSQL, Redis. 14+ years designing scalable APIs and event-driven architectures. Certifications: PMP.",Backend Developer,train
"DevOps Engineer — 2+ years: Terraform, Kubernetes, AWS, CI/CD, monitoring. Automated deployments with Docker and Python scripting.",DevOps Engineer,train
"DevOps Engineer — 7+ years: Terraform, Kubernetes, AWS, CI/CD, monitoring. Automated deployments with Docker and Python scripting. Additional: dbt.",DevOps Engineer,train
"Software Engineer (6+ yrs) — Java 8, Spring Boot, microservices on AWS. CI/CD with Jenkins, Docker, Kubernetes. BS Computer Science. Languages: Spanish (professional). Additional: dbt.",Software Engineer,train
"Data Analyst (11 yrs) — SQL, Power BI, Excel, statistical reporting for business units. Experience with Python for automation and dashboarding. Certifications: AWS Certified. Additional: GraphQL.",Data Analyst,train
"Backend-focused Software Engineer using C++, Python, and REST APIs. Experience with .NET Core, PostgreSQL, Redis, and Agile/Scrum teams since 2012. Languages: English (native). Additional: Snowflake, Spark.",Software Engineer,train
"Career profile — Data Analyst (5 yrs) — SQL, Power BI, Excel, statistical reporting for business units. Experience with Python for automation and dashboarding. Languages: Spanish (professional). Additional: Rust.",Data Analyst,holdout
"Data Analyst (5 yrs) — SQL, Power BI, Excel, statistical reporting for business units. Experience with Python for automation and dashboarding. Languages: English (native). Additional: dbt.",Data Analyst,train
"UX Designer — 10 years wireframing in Figma, usability testing, and design systems. Portfolio includes mobile and web UI/UX for SaaS products. Certifications: AWS Certified. Additional: dbt, Snowflake.",UX Designer,train
"Professional summary: Frontend Developer specializing in React.js, TypeScript, CSS3, and accessibility. 9 years building responsive SPAs with Node.js backends. Tools: Jira.",Frontend Developer,holdout
"Backend-focused Software Engineer using C++, Python, and REST APIs. Experience with .NET Core, PostgreSQL, Redis, and Agile/Scrum teams since 2024. Tools: Confluence. Additional: dbt, Airflow.",Software Engineer,train
"Candidate overview | Full Stack Developer — MERN stack, GraphQL, MongoDB. 14 years end-to-end delivery with React and Express.js on Azure.",Full Stack Developer,holdout
"ML Engineer deploying models at scale — PyTorch, TensorFlow 2.x, MLOps on Azure. 8+ years in computer vision and NLP production systems. Certifications: AWS Certified.",Machine Learning Engineer,train
"Candidate overview | Software Engineer (6+ yrs) — Java 8, Spring Boot, microservices on AWS. CI/CD with Jenkins, Docker, Kubernetes. BS Computer Science. Languages: Spanish (professional). Additional: Spark.",Software Engineer,holdout
"Frontend Developer specializing in React.js, TypeScript, CSS3, and accessibility. 14 years building responsive SPAs with Node.js backends. Tools: Datadog. Additional: GraphQL, Kafka.",Frontend Developer,train
"Backend-focused Software Engineer using C++, Python, and REST APIs. Experience with .NET Core, PostgreSQL, Redis, and Agile/Scrum teams since 2019. Certifications: PMP.",Software Engineer,train
"Career profile — Product Manager with 11 years driving roadmaps, user research, and KPI tracking. Agile ceremonies, Jira, and cross-functional leadership with engineering and design.",Product Manager,holdout
"Backend Developer — Node.js, GraphQL, PostgreSQL, Redis. 8+ years designing scalable APIs and event-driven architectures. Certifications: PMP. Additional: Spark, Snowflake.",Backend Developer,train
"Backend Developer — Node.js, GraphQL, PostgreSQL, Redis. 8+ years designing scalable APIs and event-driven architectures. Tools: Jira. Additional: Airflow, Rust.",Backend Developer,train
"Full Stack Developer — MERN stack, GraphQL, MongoDB. 8 years end-to-end delivery with React and Express.js on Azure. Additional: GraphQL.",Full Stack Developer,train
"Backend Developer — Node.js, GraphQL, PostgreSQL, Redis. 9+ years designing scalable APIs and event-driven architectures. Languages: English (native).",Backend Developer,train
"Product Manager with 8 years driving roadmaps, user research, and KPI tracking. Agile ceremonies, Jira, and cross-functional leadership with engineering and design. Languages: English (native).",Product Manager,train
"Software Engineer (13+ yrs) — Java 8, Spring Boot, microservices on AWS. CI/CD with Jenkins, Docker, Kubernetes. BS Computer Science. Certifications: CKA. Additional: Airflow, Spark.",Software Engineer,train
"Full Stack Developer — MERN stack, GraphQL, MongoDB. 4 years end-to-end delivery with React and Express.js on Azure. Languages: Spanish (professional). Additional: Spark.",Full Stack Developer,train
"Candidate overview | DevOps Engineer — 4+ years: Terraform, Kubernetes, AWS, CI/CD, monitoring. Automated deployments with Docker and Python scripting. Tools: Datadog. Additional: Airflow.",DevOps Engineer,holdout
"Frontend Developer specializing in React.js, TypeScript, CSS3, and accessibility. 14 years building responsive SPAs with Node.js backends. Languages: English (native).",Frontend Developer,train
"Career profile — Frontend Developer specializing in React.js, TypeScript, CSS3, and accessibility. 4 years building responsive SPAs with Node.js backends. Tools: Jira.",Frontend Developer,holdout
"Professional summary: Backend-focused Software Engineer using C++, Python, and REST APIs. Experience with .NET Core, PostgreSQL, Redis, and Agile/Scrum teams since 2015. Additional: GraphQL.",Software Engineer,holdout
"Software Engineer (10+ yrs) — Java 8, Spring Boot, microservices on GCP. CI/CD with Jenkins, Docker, Kubernetes. BS Computer Science. Tools: Jira.",Software Engineer,train
"Backend-focused Software Engineer using C++, Python, and REST APIs. Experience with .NET Core, PostgreSQL, Redis, and Agile/Scrum teams since 2012. Additional: Spark.",Software Engineer,train
"Data Scientist with 5+ years applying Python 3.10, scikit-learn, and PyTorch. Built predictive models using Azure and SQL. MS in Statistics. Skills: Pandas, NumPy, TensorFlow 2.x, NLP, data visualization. Languages: English (native). Additional: GraphQL, dbt.",Data Scientist,train
"Data Scientist with 5+ years applying Python 3.11, scikit-learn, and XGBoost. Built predictive models using AWS and SQL. MS in Statistics. Skills: Pandas, NumPy, TensorFlow 2.x, NLP, data visualization. Languages: English (native). Additional: Kafka.",Data Scientist,train
"Senior Data Scientist — 11 years in ML pipelines, A/B testing, and stakeholder reporting. Proficient in Python 3.11, PyTorch, Spark, and Tableau. PhD coursework in machine learning. Tools: Datadog. Additional: Airflow, Spark.",Data Scientist,train
"DevOps Engineer — 6+ years: Terraform, Kubernetes, AWS, CI/CD, monitoring. Automated deployments with Docker and Python scripting. Languages: Spanish (professional). Additional: GraphQL.",DevOps Engineer,train
"Backend-focused Software Engineer using C++, Python, and REST APIs. Experience with .NET Core, PostgreSQL, Redis, and Agile/Scrum teams since 2020. Additional: Airflow, GraphQL.",Software Engineer,train
"ML Engineer deploying models at scale — PyTorch, TensorFlow 2.x, MLOps on Azure. 8+ years in computer vision and NLP production systems. Languages: English (native). Additional: dbt.",Machine Learning Engineer,train
"DevOps Engineer — 14+ years: Terraform, Kubernetes, AWS, CI/CD, monitoring. Automated deployments with Docker and Python scripting. Additional: Rust, Spark.",DevOps Engineer,train
"ML Engineer deploying models at scale — PyTorch, TensorFlow 2.x, MLOps on GCP. 4+ years in computer vision and NLP production systems. Languages: Spanish (professional). Additional: Snowflake, dbt.",Machine Learning Engineer,train
"Backend Developer — Node.js, GraphQL, PostgreSQL, Redis. 6+ years designing scalable APIs and event-driven architectures. Languages: Spanish (professional). Additional: Airflow, Spark.",Backend Developer,train
"Frontend Developer specializing in React.js, TypeScript, CSS3, and accessibility. 4 years building responsive SPAs with Node.js backends. Languages: English (native).",Frontend Developer,train
"Product Manager with 6 years driving roadmaps, user research, and KPI tracking. Agile ceremonies, Jira, and cross-functional leadership with engineering and design. Additional: GraphQL.",Product Manager,train
"Backend-focused Software Engineer using C++, Python, and REST APIs. Experience with .NET Core, PostgreSQL, Redis, and Agile/Scrum teams since 2022. Certifications: PMP.",Software Engineer,train
"Product Manager with 8 years driving roadmaps, user research, and KPI tracking. Agile ceremonies, Jira, and cross-functional leadership with engineering and design. Tools: Jira.",Product Manager,train
"Career profile — DevOps Engineer — 5+ years: Terraform, Kubernetes, AWS, CI/CD, monitoring. Automated deployments with Docker and Python scripting. Additional: Rust, Spark.",DevOps Engineer,holdout
"Career profile — Backend Developer — Node.js, GraphQL, PostgreSQL, Redis. 3+ years designing scalable APIs and event-driven architectures. Languages: Spanish (professional). Additional: Spark.",Backend Developer,holdout
"Candidate overview | Backend Developer — Node.js, GraphQL, PostgreSQL, Redis. 4+ years designing scalable APIs and event-driven architectures. Languages: Spanish (professional).",Backend Developer,holdout
"Frontend Developer specializing in React.js, TypeScript, CSS3, and accessibility. 12 years building responsive SPAs with Node.js backends. Languages: English (native). Additional: Rust, Kafka.",Frontend Developer,train
"Backend-focused Software Engineer using C++, Python, and REST APIs. Experience with .NET Core, PostgreSQL, Redis, and Agile/Scrum teams since 2019. Certifications: AWS Certified. Additional: GraphQL.",Software Engineer,train
"ML Engineer deploying models at scale — PyTorch, TensorFlow 2.x, MLOps on GCP. 5+ years in computer vision and NLP production systems. Languages: Spanish (professional). Additional: Kafka, GraphQL.",Machine Learning Engineer,train
"Software Engineer (14+ yrs) — Java 20, Spring Boot, microservices on GCP. CI/CD with Jenkins, Docker, Kubernetes. BS Computer Science. Tools: Confluence. Additional: Spark.",Software Engineer,train
"Full Stack Developer — MERN stack, GraphQL, MongoDB. 12 years end-to-end delivery with React and Express.js on Azure. Certifications: AWS Certified. Additional: dbt.",Full Stack Developer,train
"Backend-focused Software Engineer using C++, Python, and REST APIs. Experience with .NET Core, PostgreSQL, Redis, and Agile/Scrum teams since 2020. Tools: Datadog.",Software Engineer,train
"Product Manager with 2 years driving roadmaps, user research, and KPI tracking. Agile ceremonies, Jira, and cross-functional leadership with engineering and design. Languages: English (native). Additional: Snowflake.",Product Manager,train
"Candidate overview | UX Designer — 4 years wireframing in Figma, usability testing, and design systems. Portfolio includes mobile and web UI/UX for SaaS products. Certifications: PMP. Additional: Snowflake, Kafka.",UX Designer,holdout
"Backend Developer — Node.js, GraphQL, PostgreSQL, Redis. 2+ years designing scalable APIs and event-driven architectures. Additional: GraphQL, Airflow.",Backend Developer,train
"Frontend Developer specializing in React.js, TypeScript, CSS3, and accessibility. 5 years building responsive SPAs with Node.js backends.",Frontend Developer,train
"Frontend Developer specializing in React.js, TypeScript, CSS3, and accessibility. 12 years building responsive SPAs with Node.js backends. Certifications: PMP. Additional: Kafka, Spark.",Frontend Developer,train
"Career profile — Frontend Developer specializing in React.js, TypeScript, CSS3, and accessibility. 11 years building responsive SPAs with Node.js backends. Additional: Spark.",Frontend Developer,holdout
"Data Scientist with 14+ years applying Python 3.11, scikit-learn, and TensorFlow. Built predictive models using GCP and SQL. MS in Statistics. Skills: Pandas, NumPy, TensorFlow 2.x, NLP, data visualization. Languages: Spanish (professional). Additional: Airflow, GraphQL.",Data Scientist,train
"Senior Data Scientist — 4 years in ML pipelines, A/B testing, and stakeholder reporting. Proficient in Python 3.9, PyTorch, Spark, and Tableau. PhD coursework in machine learning. Tools: Datadog. Additional: Airflow.",Data Scientist,train
"Career profile — ML Engineer deploying models at scale — PyTorch, TensorFlow 2.x, MLOps on GCP. 9+ years in computer vision and NLP production systems. Languages: English (native). Additional: Snowflake.",Machine Learning Engineer,holdout
"Frontend Developer specializing in React.js, TypeScript, CSS3, and accessibility. 7 years building responsive SPAs with Node.js backends. Languages: English (native). Additional: Kafka, Spark.",Frontend Developer,train
"Backend Developer — Node.js, GraphQL, PostgreSQL, Redis. 12+ years designing scalable APIs and event-driven architectures. Additional: GraphQL, Rust.",Backend Developer,train
"Software Engineer (5+ yrs) — Java 11, Spring Boot, microservices on GCP. CI/CD with Jenkins, Docker, Kubernetes. BS Computer Science. Additional: Spark.",Software Engineer,train
"Product Manager with 11 years driving roadmaps, user research, and KPI tracking. Agile ceremonies, Jira, and cross-functional leadership with engineering and design. Tools: Confluence. Additional: Spark, dbt.",Product Manager,train
"Career profile — ML Engineer deploying models at scale — PyTorch, TensorFlow 2.x, MLOps on GCP. 9+ years in computer vision and NLP production systems. Tools: Datadog.",Machine Learning Engineer,holdout
"Data Analyst (14 yrs) — SQL, Power BI, Excel, statistical reporting for business units. Experience with Python for automation and dashboarding. Languages: English (native). Additional: dbt, Kafka.",Data Analyst,train
"Product Manager with 14 years driving roadmaps, user research, and KPI tracking. Agile ceremonies, Jira, and cross-functional leadership with engineering and design. Additional: dbt, GraphQL.",Product Manager,train
"Career profile — Frontend Developer specializing in React.js, TypeScript, CSS3, and accessibility. 8 years building responsive SPAs with Node.js backends. Tools: Jira. Additional: Kafka.",Frontend Developer,holdout
"Software Engineer (10+ yrs) — Java 12, Spring Boot, microservices on Azure. CI/CD with Jenkins, Docker, Kubernetes. BS Computer Science. Certifications: AWS Certified. Additional: Spark.",Software Engineer,train
"DevOps Engineer — 12+ years: Terraform, Kubernetes, AWS, CI/CD, monitoring. Automated deployments with Docker and Python scripting. Tools: Jira. Additional: Airflow.",DevOps Engineer,train
"Backend-focused Software Engineer using C++, Python, and REST APIs. Experience with .NET Core, PostgreSQL, Redis, and Agile/Scrum teams since 2022. Additional: Rust.",Software Engineer,train
"Candidate overview | Backend-focused Software Engineer using C++, Python, and REST APIs. Experience with .NET Core, PostgreSQL, Redis, and Agile/Scrum teams since 2014. Certifications: AWS Certified. Additional: GraphQL, Spark.",Software Engineer,holdout
"Full Stack Developer — MERN stack, GraphQL, MongoDB. 7 years end-to-end delivery with React and Express.js on GCP.",Full Stack Developer,train
"Full Stack Developer — MERN stack, GraphQL, MongoDB. 14 years end-to-end delivery with React and Express.js on GCP. Tools: Datadog.",Full Stack Developer,train
"Frontend Developer specializing in React.js, TypeScript, CSS3, and accessibility. 7 years building responsive SPAs with Node.js backends. Additional: Snowflake, Airflow.",Frontend Developer,train
"Frontend Developer specializing in React.js, TypeScript, CSS3, and accessibility. 7 years building responsive SPAs with Node.js backends. Certifications: CKA. Additional: GraphQL, Airflow.",Frontend Developer,train
"Backend-focused Software Engineer using C++, Python, and REST APIs. Experience with .NET Core, PostgreSQL, Redis, and Agile/Scrum teams since 2020. Certifications: AWS Certified.",Software Engineer,train
"Professional summary: Frontend Developer specializing in React.js, TypeScript, CSS3, and accessibility. 13 years building responsive SPAs with Node.js backends. Tools: Datadog.",Frontend Developer,holdout
"Data Analyst (3 yrs) — SQL, Power BI, Excel, statistical reporting for business units. Experience with Python for automation and dashboarding. Certifications: PMP. Additional: Kafka.",Data Analyst,train
"ML Engineer deploying models at scale — PyTorch, TensorFlow 2.x, MLOps on AWS. 9+ years in computer vision and NLP production systems. Languages: Spanish (professional). Additional: Kafka.",Machine Learning Engineer,train
"Professional summary: Software Engineer (10+ yrs) — Java 17, Spring Boot, microservices on GCP. CI/CD with Jenkins, Docker, Kubernetes. BS Computer Science. Tools: Datadog.",Software Engineer,holdout
"DevOps Engineer — 4+ years: Terraform, Kubernetes, AWS, CI/CD, monitoring. Automated deployments with Docker and Python scripting. Languages: Spanish (professional).",DevOps Engineer,train
"Frontend Developer specializing in React.js, TypeScript, CSS3, and accessibility. 7 years building responsive SPAs with Node.js backends. Certifications: CKA. Additional: GraphQL.",Frontend Developer,train
"Senior Data Scientist — 5 years in ML pipelines, A/B testing, and stakeholder reporting. Proficient in Python 3.9, PyTorch, Spark, and Tableau. PhD coursework in machine learning. Additional: Snowflake.",Data Scientist,train
"Backend-focused Software Engineer using C++, Python, and REST APIs. Experience with .NET Core, PostgreSQL, Redis, and Agile/Scrum teams since 2024. Tools: Jira.",Software Engineer,train
"DevOps Engineer — 11+ years: Terraform, Kubernetes, AWS, CI/CD, monitoring. Automated deployments with Docker and Python scripting. Languages: English (native).",DevOps Engineer,train
"Full Stack Developer — MERN stack, GraphQL, MongoDB. 6 years end-to-end delivery with React and Express.js on AWS. Certifications: PMP. Additional: Airflow.",Full Stack Developer,train
"Senior Data Scientist — 4 years in ML pipelines, A/B testing, and stakeholder reporting. Proficient in Python 3.11, PyTorch, Spark, and Tableau. PhD coursework in machine learning. Additional: Rust.",Data Scientist,train
"Career profile — Software Engineer (9+ yrs) — Java 10, Spring Boot, microservices on GCP. CI/CD with Jenkins, Docker, Kubernetes. BS Computer Science. Certifications: AWS Certified.",Software Engineer,holdout
"Career profile — Frontend Developer specializing in React.js, TypeScript, CSS3, and accessibility. 8 years building responsive SPAs with Node.js backends. Tools: Jira.",Frontend Developer,holdout
"Backend Developer — Node.js, GraphQL, PostgreSQL, Redis. 2+ years designing scalable APIs and event-driven architectures.",Backend Developer,train
"Backend-focused Software Engineer using C++, Python, and REST APIs. Experience with .NET Core, PostgreSQL, Redis, and Agile/Scrum teams since 2015. Certifications: PMP. Additional: Airflow, dbt.",Software Engineer,train
"Full Stack Developer — MERN stack, GraphQL, MongoDB. 12 years end-to-end delivery with React and Express.js on AWS. Tools: Confluence. Additional: Airflow.",Full Stack Developer,train
"Full Stack Developer — MERN stack, GraphQL, MongoDB. 13 years end-to-end delivery with React and Express.js on GCP. Languages: English (native). Additional: Kafka.",Full Stack Developer,train
"Frontend Developer specializing in React.js, TypeScript, CSS3, and accessibility. 14 years building responsive SPAs with Node.js backends. Tools: Jira.",Frontend Developer,train
"Software Engineer (12+ yrs) — Java 8, Spring Boot, microservices on Azure. CI/CD with Jenkins, Docker, Kubernetes. BS Computer Science. Tools: Datadog. Additional: dbt.",Software Engineer,train
"Candidate overview | Product Manager with 10 years driving roadmaps, user research, and KPI tracking. Agile ceremonies, Jira, and cross-functional leadership with engineering and design. Tools: Jira. Additional: Kafka.",Product Manager,holdout
"Data Scientist with 6+ years applying Python 3.10, scikit-learn, and TensorFlow. Built predictive models using GCP and SQL. MS in Statistics. Skills: Pandas, NumPy, TensorFlow 2.x, NLP, data visualization. Languages: English (native).",Data Scientist,train
"Backend-focused Software Engineer using C++, Python, and REST APIs. Experience with .NET Core, PostgreSQL, Redis, and Agile/Scrum teams since 2015. Additional: GraphQL.",Software Engineer,train
"DevOps Engineer — 14+ years: Terraform, Kubernetes, AWS, CI/CD, monitoring. Automated deployments with Docker and Python scripting. Languages: English (native). Additional: Kafka, dbt.",DevOps Engineer,train
"Professional summary: Full Stack Developer — MERN stack, GraphQL, MongoDB. 14 years end-to-end delivery with React and Express.js on AWS. Languages: Spanish (professional).",Full Stack Developer,holdout
"Candidate overview | ML Engineer deploying models at scale — PyTorch, TensorFlow 2.x, MLOps on AWS. 3+ years in computer vision and NLP production systems. Languages: English (native). Additional: GraphQL, Airflow.",Machine Learning Engineer,holdout
"Frontend Developer specializing in React.js, TypeScript, CSS3, and accessibility. 13 years building responsive SPAs with Node.js backends. Certifications: AWS Certified. Additional: GraphQL.",Frontend Developer,train
"Candidate overview | UX Designer — 8 years wireframing in Figma, usability testing, and design systems. Portfolio includes mobile and web UI/UX for SaaS products. Languages: Spanish (professional). Additional: Kafka, Spark.",UX Designer,holdout
"Candidate overview | DevOps Engineer — 3+ years: Terraform, Kubernetes, AWS, CI/CD, monitoring. Automated deployments with Docker and Python scripting. Languages: Spanish (professional). Additional: Airflow.",DevOps Engineer,holdout
"Frontend Developer specializing in React.js, TypeScript, CSS3, and accessibility. 6 years building responsive SPAs with Node.js backends. Tools: Datadog. Additional: GraphQL, dbt.",Frontend Developer,train
"Backend-focused Software Engineer using C++, Python, and REST APIs. Experience with .NET Core, PostgreSQL, Redis, and Agile/Scrum teams since 2018. Languages: Spanish (professional).",Software Engineer,train
"Data Scientist with 3+ years applying Python 3.8, scikit-learn, and PyTorch. Built predictive models using GCP and SQL. MS in Statistics. Skills: Pandas, NumPy, TensorFlow 2.x, NLP, data visualization. Tools: Datadog.",Data Scientist,train
"Software Engineer (6+ yrs) — Java 9, Spring Boot, microservices on GCP. CI/CD with Jenkins, Docker, Kubernetes. BS Computer Science. Additional: Airflow.",Software Engineer,train
"Backend-focused Software Engineer using C++, Python, and REST APIs. Experience with .NET Core, PostgreSQL, Redis, and Agile/Scrum teams since 2016. Tools: Confluence. Additional: Rust.",Software Engineer,train
"Full Stack Developer — MERN stack, GraphQL, MongoDB. 6 years end-to-end delivery with React and Express.js on Azure. Languages: Spanish (professional).",Full Stack Developer,train
"Data Analyst (7 yrs) — SQL, Power BI, Excel, statistical reporting for business units. Experience with Python for automation and dashboarding. Tools: Datadog.",Data Analyst,train
"DevOps Engineer — 14+ years: Terraform, Kubernetes, AWS, CI/CD, monitoring. Automated deployments with Docker and Python scripting. Languages: Spanish (professional). Additional: dbt.",DevOps Engineer,train
"Software Engineer (4+ yrs) — Java 12, Spring Boot, microservices on GCP. CI/CD with Jenkins, Docker, Kubernetes. BS Computer Science. Certifications: AWS Certified. Additional: GraphQL, Rust.",Software Engineer,train
"ML Engineer deploying models at scale — PyTorch, TensorFlow 2.x, MLOps on GCP. 13+ years in computer vision and NLP production systems. Additional: Rust.",Machine Learning Engineer,train
"DevOps Engineer — 5+ years: Terraform, Kubernetes, AWS, CI/CD, monitoring. Automated deployments with Docker and Python scripting. Tools: Jira. Additional: Spark, Snowflake.",DevOps Engineer,train
"Frontend Developer specializing in React.js, TypeScript, CSS3, and accessibility. 7 years building responsive SPAs with Node.js backends. Certifications: AWS Certified. Additional: dbt.",Frontend Developer,train
"Frontend Developer specializing in React.js, TypeScript, CSS3, and accessibility. 4 years building responsive SPAs with Node.js backends.",Frontend Developer,train
"UX Designer — 12 years wireframing in Figma, usability testing, and design systems. Portfolio includes mobile and web UI/UX for SaaS products. Certifications: CKA.",UX Designer,train
"Professional summary: Software Engineer (3+ yrs) — Java 8, Spring Boot, microservices on AWS. CI/CD with Jenkins, Docker, Kubernetes. BS Computer Science. Additional: Snowflake.",Software Engineer,holdout
"Backend-focused Software Engineer using C++, Python, and REST APIs. Experience with .NET Core, PostgreSQL, Redis, and Agile/Scrum teams since 2018. Certifications: CKA. Additional: Rust.",Software Engineer,train
"Backend Developer — Node.js, GraphQL, PostgreSQL, Redis. 3+ years designing scalable APIs and event-driven architectures.",Backend Developer,train
"Backend-focused Software Engineer using C++, Python, and REST APIs. Experience with .NET Core, PostgreSQL, Redis, and Agile/Scrum teams since 2016.",Software Engineer,train
"ML Engineer deploying models at scale — PyTorch, TensorFlow 2.x, MLOps on GCP. 13+ years in computer vision and NLP production systems. Languages: English (native). Additional: Spark.",Machine Learning Engineer,train
"Full Stack Developer — MERN stack, GraphQL, MongoDB. 8 years end-to-end delivery with React and Express.js on GCP. Tools: Confluence. Additional: Airflow, Kafka.",Full Stack Developer,train
"Data Scientist with 4+ years applying Python 3.10, scikit-learn, and PyTorch. Built predictive models using AWS and SQL. MS in Statistics. Skills: Pandas, NumPy, TensorFlow 2.x, NLP, data visualization. Tools: Datadog. Additional: Airflow.",Data Scientist,train
"Frontend Developer specializing in React.js, TypeScript, CSS3, and accessibility. 11 years building responsive SPAs with Node.js backends. Additional: Spark.",Frontend Developer,train
"Data Analyst (10 yrs) — SQL, Power BI, Excel, statistical reporting for business units. Experience with Python for automation and dashboarding. Languages: Spanish (professional). Additional: Snowflake, dbt.",Data Analyst,train
"Professional summary: Frontend Developer specializing in React.js, TypeScript, CSS3, and accessibility. 10 years building responsive SPAs with Node.js backends. Languages: English (native). Additional: dbt.",Frontend Developer,holdout
"Software Engineer (4+ yrs) — Java 16, Spring Boot, microservices on GCP. CI/CD with Jenkins, Docker, Kubernetes. BS Computer Science. Tools: Datadog. Additional: Rust.",Software Engineer,train
"Product Manager with 12 years driving roadmaps, user research, and KPI tracking. Agile ceremonies, Jira, and cross-functional leadership with engineering and design. Certifications: AWS Certified. Additional: dbt, Snowflake.",Product Manager,train
"Backend-focused Software Engineer using C++, Python, and REST APIs. Experience with .NET Core, PostgreSQL, Redis, and Agile/Scrum teams since 2015. Certifications: AWS Certified.",Software Engineer,train
"Backend-focused Software Engineer using C++, Python, and REST APIs. Experience with .NET Core, PostgreSQL, Redis, and Agile/Scrum teams since 2017. Additional: dbt.",Software Engineer,train
"DevOps Engineer — 4+ years: Terraform, Kubernetes, AWS, CI/CD, monitoring. Automated deployments with Docker and Python scripting. Certifications: AWS Certified.",DevOps Engineer,train
"Frontend Developer specializing in React.js, TypeScript, CSS3, and accessibility. 6 years building responsive SPAs with Node.js backends. Certifications: CKA.",Frontend Developer,train
"Software Engineer (7+ yrs) — Java 12, Spring Boot, microservices on Azure. CI/CD with Jenkins, Docker, Kubernetes. BS Computer Science.",Software Engineer,train
"Full Stack Developer — MERN stack, GraphQL, MongoDB. 14 years end-to-end delivery with React and Express.js on GCP. Languages: English (native). Additional: Airflow.",Full Stack Developer,train
"Data Analyst (8 yrs) — SQL, Power BI, Excel, statistical reporting for business units. Experience with Python for automation and dashboarding. Languages: English (native). Additional: Spark.",Data Analyst,train
"Candidate overview | Frontend Developer specializing in React.js, TypeScript, CSS3, and accessibility. 8 years building responsive SPAs with Node.js backends. Certifications: PMP.",Frontend Developer,holdout
"DevOps Engineer — 2+ years: Terraform, Kubernetes, AWS, CI/CD, monitoring. Automated deployments with Docker and Python scripting. Certifications: CKA.",DevOps Engineer,train
"Frontend Developer specializing in React.js, TypeScript, CSS3, and accessibility. 11 years building responsive SPAs with Node.js backends. Additional: Snowflake.",Frontend Developer,train
"Candidate overview | Software Engineer (4+ yrs) — Java 18, Spring Boot, microservices on Azure. CI/CD with Jenkins, Docker, Kubernetes. BS Computer Science. Certifications: CKA.",Software Engineer,holdout
"Backend-focused Software Engineer using C++, Python, and REST APIs. Experience with .NET Core, PostgreSQL, Redis, and Agile/Scrum teams since 2015.",Software Engineer,train
"Senior Data Scientist — 12 years in ML pipelines, A/B testing, and stakeholder reporting. Proficient in Python 3.9, PyTorch, Spark, and Tableau. PhD coursework in machine learning. Tools: Datadog.",Data Scientist,train
"Frontend Developer specializing in React.js, TypeScript, CSS3, and accessibility. 7 years building responsive SPAs with Node.js backends. Tools: Datadog. Additional: Airflow, dbt.",Frontend Developer,train
"Backend-focused Software Engineer using C++, Python, and REST APIs. Experience with .NET Core, PostgreSQL, Redis, and Agile/Scrum teams since 2017. Languages: Spanish (professional). Additional: dbt, Snowflake.",Software Engineer,train
"Frontend Developer specializing in React.js, TypeScript, CSS3, and accessibility. 6 years building responsive SPAs with Node.js backends. Languages: English (native). Additional: Spark.",Frontend Developer,train
"Data Analyst (8 yrs) — SQL, Power BI, Excel, statistical reporting for business units. Experience with Python for automation and dashboarding. Tools: Datadog. Additional: Kafka.",Data Analyst,train
"Product Manager with 2 years driving roadmaps, user research, and KPI tracking. Agile ceremonies, Jira, and cross-functional leadership with engineering and design. Tools: Datadog. Additional: Rust.",Product Manager,train
"Software Engineer (7+ yrs) — Java 11, Spring Boot, microservices on AWS. CI/CD with Jenkins, Docker, Kubernetes. BS Computer Science. Languages: Spanish (professional). Additional: Spark, GraphQL.",Software Engineer,train
"Backend Developer — Node.js, GraphQL, PostgreSQL, Redis. 5+ years designing scalable APIs and event-driven architectures. Certifications: PMP. Additional: dbt.",Backend Developer,train
"Frontend Developer specializing in React.js, TypeScript, CSS3, and accessibility. 5 years building responsive SPAs with Node.js backends. Certifications: PMP.",Frontend Developer,train
"Product Manager with 9 years driving roadmaps, user research, and KPI tracking. Agile ceremonies, Jira, and cross-functional leadership with engineering and design. Additional: Kafka, Spark.",Product Manager,train
"Candidate overview | ML Engineer deploying models at scale — PyTorch, TensorFlow 2.x, MLOps on GCP. 10+ years in computer vision and NLP production systems. Languages: English (native). Additional: Rust.",Machine Learning Engineer,holdout
"Full Stack Developer — MERN stack, GraphQL, MongoDB. 13 years end-to-end delivery with React and Express.js on GCP. Tools: Datadog. Additional: Rust.",Full Stack Developer,train
"Backend Developer — Node.js, GraphQL, PostgreSQL, Redis. 6+ years designing scalable APIs and event-driven architectures. Additional: dbt, Airflow.",Backend Developer,train
"ML Engineer deploying models at scale — PyTorch, TensorFlow 2.x, MLOps on Azure. 5+ years in computer vision and NLP production systems. Additional: Airflow.",Machine Learning Engineer,train
"ML Engineer deploying models at scale — PyTorch, TensorFlow 2.x, MLOps on Azure. 12+ years in computer vision and NLP production systems. Languages: Spanish (professional). Additional: Rust.",Machine Learning Engineer,train
"Backend-focused Software Engineer using C++, Python, and REST APIs. Experience with .NET Core, PostgreSQL, Redis, and Agile/Scrum teams since 2017. Languages: Spanish (professional). Additional: Snowflake.",Software Engineer,train
"Data Analyst (14 yrs) — SQL, Power BI, Excel, statistical reporting for business units. Experience with Python for automation and dashboarding. Languages: English (native).",Data Analyst,train
"Career profile — DevOps Engineer — 10+ years: Terraform, Kubernetes, AWS, CI/CD, monitoring. Automated deployments with Docker and Python scripting. Languages: English (native). Additional: Spark.",DevOps Engineer,holdout
"Backend Developer — Node.js, GraphQL, PostgreSQL, Redis. 2+ years designing scalable APIs and event-driven architectures. Additional: Rust, Kafka.",Backend Developer,train
"Backend Developer — Node.js, GraphQL, PostgreSQL, Redis. 8+ years designing scalable APIs and event-driven architectures. Languages: English (native). Additional: Kafka.",Backend Developer,train
"Backend Developer — Node.js, GraphQL, PostgreSQL, Redis. 12+ years designing scalable APIs and event-driven architectures. Languages: English (native).",Backend Developer,train
"Professional summary: ML Engineer deploying models at scale — PyTorch, TensorFlow 2.x, MLOps on Azure. 10+ years in computer vision and NLP production systems. Languages: English (native).",Machine Learning Engineer,holdout
"Data Analyst (12 yrs) — SQL, Power BI, Excel, statistical reporting for business units. Experience with Python for automation and dashboarding. Tools: Jira. Additional: GraphQL, Airflow.",Data Analyst,train
"Backend Developer — Node.js, GraphQL, PostgreSQL, Redis. 13+ years designing scalable APIs and event-driven architectures. Certifications: AWS Certified. Additional: Rust.",Backend Developer,train
"UX Designer — 3 years wireframing in Figma, usability testing, and design systems. Portfolio includes mobile and web UI/UX for SaaS products. Certifications: CKA. Additional: Snowflake, Rust.",UX Designer,train
"Senior Data Scientist — 7 years in ML pipelines, A/B testing, and stakeholder reporting. Proficient in Python 3.10, PyTorch, Spark, and Tableau. PhD coursework in machine learning. Certifications: PMP. Additional: Rust.",Data Scientist,train
"DevOps Engineer — 4+ years: Terraform, Kubernetes, AWS, CI/CD, monitoring. Automated deployments with Docker and Python scripting. Additional: GraphQL, Airflow.",DevOps Engineer,train
"Data Analyst (13 yrs) — SQL, Power BI, Excel, statistical reporting for business units. Experience with Python for automation and dashboarding. Tools: Datadog. Additional: Airflow, Spark.",Data Analyst,train
"Professional summary: Full Stack Developer — MERN stack, GraphQL, MongoDB. 5 years end-to-end delivery with React and Express.js on Azure. Languages: English (native). Additional: Airflow.",Full Stack Developer,holdout
"ML Engineer deploying models at scale — PyTorch, TensorFlow 2.x, MLOps on GCP. 3+ years in computer vision and NLP production systems. Tools: Jira.",Machine Learning Engineer,train
"Software Engineer (14+ yrs) — Java 12, Spring Boot, microservices on GCP. CI/CD with Jenkins, Docker, Kubernetes. BS Computer Science. Additional: Spark, Kafka.",Software Engineer,train
"Frontend Developer specializing in React.js, TypeScript, CSS3, and accessibility. 11 years building responsive SPAs with Node.js backends. Tools: Datadog. Additional: Spark, Snowflake.",Frontend Developer,train
"Career profile — ML Engineer deploying models at scale — PyTorch, TensorFlow 2.x, MLOps on GCP. 3+ years in computer vision and NLP production systems. Tools: Confluence. Additional: Spark.",Machine Learning Engineer,holdout
"UX Designer — 8 years wireframing in Figma, usability testing, and design systems. Portfolio includes mobile and web UI/UX for SaaS products. Languages: English (native).",UX Designer,train
"Frontend Developer specializing in React.js, TypeScript, CSS3, and accessibility. 6 years building responsive SPAs with Node.js backends.",Frontend Developer,train
"Product Manager with 14 years driving roadmaps, user research, and KPI tracking. Agile ceremonies, Jira, and cross-functional leadership with engineering and design. Tools: Confluence. Additional: Kafka.",Product Manager,train
"Backend Developer — Node.js, GraphQL, PostgreSQL, Redis. 11+ years designing scalable APIs and event-driven architectures. Additional: Airflow.",Backend Developer,train
"Backend Developer — Node.js, GraphQL, PostgreSQL, Redis. 11+ years designing scalable APIs and event-driven architectures. Additional: Airflow, Rust.",Backend Developer,train
"Senior Data Scientist — 11 years in ML pipelines, A/B testing, and stakeholder reporting. Proficient in Python 3.11, PyTorch, Spark, and Tableau. PhD coursework in machine learning. Languages: Spanish (professional). Additional: GraphQL, Kafka.",Data Scientist,train
"UX Designer — 7 years wireframing in Figma, usability testing, and design systems. Portfolio includes mobile and web UI/UX for SaaS products. Tools: Datadog.",UX Designer,train
"Full Stack Developer — MERN stack, GraphQL, MongoDB. 6 years end-to-end delivery with React and Express.js on Azure. Tools: Confluence. Additional: dbt, Snowflake.",Full Stack Developer,train
"Backend Developer — Node.js, GraphQL, PostgreSQL, Redis. 8+ years designing scalable APIs and event-driven architectures. Certifications: CKA.",Backend Developer,train
"ML Engineer deploying models at scale — PyTorch, TensorFlow 2.x, MLOps on GCP. 14+ years in computer vision and NLP production systems. Tools: Jira. Additional: Airflow.",Machine Learning Engineer,train
"Software Engineer (2+ yrs) — Java 20, Spring Boot, microservices on GCP. CI/CD with Jenkins, Docker, Kubernetes. BS Computer Science. Certifications: AWS Certified.",Software Engineer,train
"Data Scientist with 7+ years applying Python 3.10, scikit-learn, and PyTorch. Built predictive models using AWS and SQL. MS in Statistics. Skills: Pandas, NumPy, TensorFlow 2.x, NLP, data visualization.",Data Scientist,train
"Software Engineer (9+ yrs) — Java 12, Spring Boot, microservices on GCP. CI/CD with Jenkins, Docker, Kubernetes. BS Computer Science. Additional: Rust.",Software Engineer,train
"Senior Data Scientist — 14 years in ML pipelines, A/B testing, and stakeholder reporting. Proficient in Python 3.11, PyTorch, Spark, and Tableau. PhD coursework in machine learning. Additional: dbt.",Data Scientist,train
"Software Engineer (3+ yrs) — Java 14, Spring Boot, microservices on Azure. CI/CD with Jenkins, Docker, Kubernetes. BS Computer Science. Languages: English (native). Additional: GraphQL.",Software Engineer,train
"Career profile — DevOps Engineer — 9+ years: Terraform, Kubernetes, AWS, CI/CD, monitoring. Automated deployments with Docker and Python scripting. Tools: Jira. Additional: Snowflake.",DevOps Engineer,holdout
"Software Engineer (13+ yrs) — Java 16, Spring Boot, microservices on AWS. CI/CD with Jenkins, Docker, Kubernetes. BS Computer Science. Certifications: PMP. Additional: Airflow, Spark.",Software Engineer,train
"Product Manager with 4 years driving roadmaps, user research, and KPI tracking. Agile ceremonies, Jira, and cross-functional leadership with engineering and design. Certifications: PMP. Additional: Snowflake, dbt.",Product Manager,train
"Data Analyst (5 yrs) — SQL, Power BI, Excel, statistical reporting for business units. Experience with Python for automation and dashboarding. Certifications: AWS Certified. Additional: Airflow.",Data Analyst,train
"Frontend Developer specializing in React.js, TypeScript, CSS3, and accessibility. 9 years building responsive SPAs with Node.js backends. Certifications: PMP. Additional: Snowflake, GraphQL.",Frontend Developer,train
"Frontend Developer specializing in React.js, TypeScript, CSS3, and accessibility. 11 years building responsive SPAs with Node.js backends. Certifications: CKA. Additional: Airflow.",Frontend Developer,train
"Candidate overview | Software Engineer (11+ yrs) — Java 16, Spring Boot, microservices on Azure. CI/CD with Jenkins, Docker, Kubernetes. BS Computer Science. Additional: Kafka.",Software Engineer,holdout
"Data Analyst (12 yrs) — SQL, Power BI, Excel, statistical reporting for business units. Experience with Python for automation and dashboarding. Certifications: CKA. Additional: Spark, Airflow.",Data Analyst,train
"Candidate overview | Software Engineer (10+ yrs) — Java 20, Spring Boot, microservices on AWS. CI/CD with Jenkins, Docker, Kubernetes. BS Computer Science.",Software Engineer,holdout
"Backend Developer — Node.js, GraphQL, PostgreSQL, Redis. 5+ years designing scalable APIs and event-driven architectures. Tools: Datadog. Additional: dbt, GraphQL.",Backend Developer,train
"Software Engineer (13+ yrs) — Java 14, Spring Boot, microservices on AWS. CI/CD with Jenkins, Docker, Kubernetes. BS Computer Science. Languages: English (native).",Software Engineer,train
"Backend Developer — Node.js, GraphQL, PostgreSQL, Redis. 2+ years designing scalable APIs and event-driven architectures. Languages: Spanish (professional).",Backend Developer,train
"Software Engineer (10+ yrs) — Java 12, Spring Boot, microservices on AWS. CI/CD with Jenkins, Docker, Kubernetes. BS Computer Science. Tools: Datadog.",Software Engineer,train
"Backend Developer — Node.js, GraphQL, PostgreSQL, Redis. 6+ years designing scalable APIs and event-driven architectures. Additional: GraphQL.",Backend Developer,train
"Backend-focused Software Engineer using C++, Python, and REST APIs. Experience with .NET Core, PostgreSQL, Redis, and Agile/Scrum teams since 2016. Certifications: PMP. Additional: Airflow, dbt.",Software Engineer,train
"Candidate overview | Data Scientist with 5+ years applying Python 3.11, scikit-learn, and TensorFlow. Built predictive models using GCP and SQL. MS in Statistics. Skills: Pandas, NumPy, TensorFlow 2.x, NLP, data visualization. Tools: Confluence. Additional: Airflow, dbt.",Data Scientist,holdout
"Frontend Developer specializing in React.js, TypeScript, CSS3, and accessibility. 14 years building responsive SPAs with Node.js backends. Certifications: PMP.",Frontend Developer,train
"Frontend Developer specializing in React.js, TypeScript, CSS3, and accessibility. 3 years building responsive SPAs with Node.js backends. Tools: Jira. Additional: Rust.",Frontend Developer,train
"Software Engineer (11+ yrs) — Java 21, Spring Boot, microservices on GCP. CI/CD with Jenkins, Docker, Kubernetes. BS Computer Science. Languages: English (native). Additional: Rust.",Software Engineer,train
"Full Stack Developer — MERN stack, GraphQL, MongoDB. 14 years end-to-end delivery with React and Express.js on AWS.",Full Stack Developer,train
"Backend Developer — Node.js, GraphQL, PostgreSQL, Redis. 7+ years designing scalable APIs and event-driven architectures.",Backend Developer,train
"Backend Developer — Node.js, GraphQL, PostgreSQL, Redis. 4+ years designing scalable APIs and event-driven architectures. Languages: Spanish (professional). Additional: GraphQL.",Backend Developer,train
"Data Scientist with 5+ years applying Python 3.10, scikit-learn, and PyTorch. Built predictive models using Azure and SQL. MS in Statistics. Skills: Pandas, NumPy, TensorFlow 2.x, NLP, data visualization. Tools: Datadog. Additional: Kafka.",Data Scientist,train
"Data Analyst (2 yrs) — SQL, Power BI, Excel, statistical reporting for business units. Experience with Python for automation and dashboarding. Languages: English (native).",Data Analyst,train
"Full Stack Developer — MERN stack, GraphQL, MongoDB. 9 years end-to-end delivery with React and Express.js on GCP. Tools: Confluence. Additional: Airflow, dbt.",Full Stack Developer,train
"Professional summary: ML Engineer deploying models at scale — PyTorch, TensorFlow 2.x, MLOps on GCP. 9+ years in computer vision and NLP production systems. Certifications: PMP. Additional: dbt.",Machine Learning Engineer,holdout
"Backend-focused Software Engineer using C++, Python, and REST APIs. Experience with .NET Core, PostgreSQL, Redis, and Agile/Scrum teams since 2019. Tools: Confluence.",Software Engineer,train
"Backend-focused Software Engineer using C++, Python, and REST APIs. Experience with .NET Core, PostgreSQL, Redis, and Agile/Scrum teams since 2021. Certifications: PMP. Additional: Airflow, Kafka.",Software Engineer,train
"Candidate overview | Backend Developer — Node.js, GraphQL, PostgreSQL, Redis. 6+ years designing scalable APIs and event-driven architectures. Tools: Jira. Additional: Airflow.",Backend Developer,holdout
"Product Manager with 2 years driving roadmaps, user research, and KPI tracking. Agile ceremonies, Jira, and cross-functional leadership with engineering and design. Certifications: AWS Certified. Additional: dbt, Snowflake.",Product Manager,train
"Career profile — Frontend Developer specializing in React.js, TypeScript, CSS3, and accessibility. 13 years building responsive SPAs with Node.js backends.",Frontend Developer,holdout
"UX Designer — 7 years wireframing in Figma, usability testing, and design systems. Portfolio includes mobile and web UI/UX for SaaS products. Languages: English (native). Additional: Snowflake, dbt.",UX Designer,train
"Career profile — Data Analyst (9 yrs) — SQL, Power BI, Excel, statistical reporting for business units. Experience with Python for automation and dashboarding. Certifications: CKA. Additional: Spark.",Data Analyst,holdout
"Frontend Developer specializing in React.js, TypeScript, CSS3, and accessibility. 5 years building responsive SPAs with Node.js backends. Additional: dbt, Kafka.",Frontend Developer,train
"Full Stack Developer — MERN stack, GraphQL, MongoDB. 2 years end-to-end delivery with React and Express.js on Azure. Additional: Snowflake.",Full Stack Developer,train
"Frontend Developer specializing in React.js, TypeScript, CSS3, and accessibility. 9 years building responsive SPAs with Node.js backends. Additional: Airflow.",Frontend Developer,train
"DevOps Engineer — 4+ years: Terraform, Kubernetes, AWS, CI/CD, monitoring. Automated deployments with Docker and Python scripting. Tools: Jira. Additional: Kafka.",DevOps Engineer,train
"Career profile — Product Manager with 5 years driving roadmaps, user research, and KPI tracking. Agile ceremonies, Jira, and cross-functional leadership with engineering and design. Certifications: PMP. Additional: GraphQL.",Product Manager,holdout
"Backend-focused Software Engineer using C++, Python, and REST APIs. Experience with .NET Core, PostgreSQL, Redis, and Agile/Scrum teams since 2018. Tools: Confluence. Additional: Airflow, GraphQL.",Software Engineer,train
"Backend Developer — Node.js, GraphQL, PostgreSQL, Redis. 4+ years designing scalable APIs and event-driven architectures. Certifications: PMP. Additional: Rust, dbt.",Backend Developer,train
"Frontend Developer specializing in React.js, TypeScript, CSS3, and accessibility. 6 years building responsive SPAs with Node.js backends.",Frontend Developer,train
"Product Manager with 10 years driving roadmaps, user research, and KPI tracking. Agile ceremonies, Jira, and cross-functional leadership with engineering and design. Languages: English (native). Additional: Kafka.",Product Manager,train
"Data Analyst (4 yrs) — SQL, Power BI, Excel, statistical reporting for business units. Experience with Python for automation and dashboarding. Certifications: PMP.",Data Analyst,train
"Backend Developer — Node.js, GraphQL, PostgreSQL, Redis. 10+ years designing scalable APIs and event-driven architectures. Languages: Spanish (professional). Additional: Airflow.",Backend Developer,train
"Backend-focused Software Engineer using C++, Python, and REST APIs. Experience with .NET Core, PostgreSQL, Redis, and Agile/Scrum teams since 2020. Certifications: PMP. Additional: Kafka.",Software Engineer,train
"Backend Developer — Node.js, GraphQL, PostgreSQL, Redis. 10+ years designing scalable APIs and event-driven architectures. Tools: Jira. Additional: GraphQL.",Backend Developer,train
"Professional summary: Full Stack Developer — MERN stack, GraphQL, MongoDB. 6 years end-to-end delivery with React and Express.js on Azure. Additional: Rust.",Full Stack Developer,holdout
"Candidate overview | DevOps Engineer — 13+ years: Terraform, Kubernetes, AWS, CI/CD, monitoring. Automated deployments with Docker and Python scripting. Additional: Rust.",DevOps Engineer,holdout
"Full Stack Developer — MERN stack, GraphQL, MongoDB. 3 years end-to-end delivery with React and Express.js on GCP. Languages: English (native). Additional: dbt, Snowflake.",Full Stack Developer,train
"Data Scientist with 11+ years applying Python 3.10, scikit-learn, and PyTorch. Built predictive models using GCP and SQL. MS in Statistics. Skills: Pandas, NumPy, TensorFlow 2.x, NLP, data visualization. Languages: English (native). Additional: GraphQL, Airflow.",Data Scientist,train
"Data Scientist with 7+ years applying Python 3.8, scikit-learn, and XGBoost. Built predictive models using Azure and SQL. MS in Statistics. Skills: Pandas, NumPy, TensorFlow 2.x, NLP, data visualization. Certifications: CKA. Additional: Rust, Spark.",Data Scientist,train
"DevOps Engineer — 3+ years: Terraform, Kubernetes, AWS, CI/CD, monitoring. Automated deployments with Docker and Python scripting. Languages: Spanish (professional). Additional: GraphQL.",DevOps Engineer,train
"Candidate overview | Backend Developer — Node.js, GraphQL, PostgreSQL, Redis. 5+ years designing scalable APIs and event-driven architectures. Certifications: PMP. Additional: Airflow, dbt.",Backend Developer,holdout
"Frontend Developer specializing in React.js, TypeScript, CSS3, and accessibility. 11 years building responsive SPAs with Node.js backends. Languages: Spanish (professional). Additional: Spark.",Frontend Developer,train
"Senior Data Scientist — 13 years in ML pipelines, A/B testing, and stakeholder reporting. Proficient in Python 3.10, PyTorch, Spark, and Tableau. PhD coursework in machine learning. Certifications: PMP. Additional: GraphQL, Kafka.",Data Scientist,train
"Software Engineer (11+ yrs) — Java 14, Spring Boot, microservices on GCP. CI/CD with Jenkins, Docker, Kubernetes. BS Computer Science. Certifications: CKA.",Software Engineer,train
"Software Engineer (5+ yrs) — Java 13, Spring Boot, microservices on AWS. CI/CD with Jenkins, Docker, Kubernetes. BS Computer Science. Certifications: AWS Certified. Additional: Kafka.",Software Engineer,train
"Data Scientist with 4+ years applying Python 3.9, scikit-learn, and XGBoost. Built predictive models using AWS and SQL. MS in Statistics. Skills: Pandas, NumPy, TensorFlow 2.x, NLP, data visualization. Certifications: AWS Certified. Additional: GraphQL, Airflow.",Data Scientist,train
"Candidate overview | Full Stack Developer — MERN stack, GraphQL, MongoDB. 6 years end-to-end delivery with React and Express.js on AWS. Languages: Spanish (professional).",Full Stack Developer,holdout
"ML Engineer deploying models at scale — PyTorch, TensorFlow 2.x, MLOps on GCP. 2+ years in computer vision and NLP production systems. Tools: Jira.",Machine Learning Engineer,train
"Backend-focused Software Engineer using C++, Python, and REST APIs. Experience with .NET Core, PostgreSQL, Redis, and Agile/Scrum teams since 2013. Additional: Kafka, Rust.",Software Engineer,train
"UX Designer — 7 years wireframing in Figma, usability testing, and design systems. Portfolio includes mobile and web UI/UX for SaaS products. Certifications: AWS Certified. Additional: Rust, Snowflake.",UX Designer,train
"Backend Developer — Node.js, GraphQL, PostgreSQL, Redis. 10+ years designing scalable APIs and event-driven architectures. Tools: Confluence. Additional: Kafka.",Backend Developer,train
"Backend Developer — Node.js, GraphQL, PostgreSQL, Redis. 11+ years designing scalable APIs and event-driven architectures. Certifications: AWS Certified. Additional: Snowflake.",Backend Developer,train
"Professional summary: ML Engineer deploying models at scale — PyTorch, TensorFlow 2.x, MLOps on AWS. 3+ years in computer vision and NLP production systems. Certifications: PMP.",Machine Learning Engineer,holdout
"DevOps Engineer — 4+ years: Terraform, Kubernetes, AWS, CI/CD, monitoring. Automated deployments with Docker and Python scripting. Additional: Kafka.",DevOps Engineer,train
"Backend Developer — Node.js, GraphQL, PostgreSQL, Redis. 11+ years designing scalable APIs and event-driven architectures. Tools: Datadog. Additional: GraphQL.",Backend Developer,train
"Software Engineer (9+ yrs) — Java 16, Spring Boot, microservices on GCP. CI/CD with Jenkins, Docker, Kubernetes. BS Computer Science. Additional: dbt.",Software Engineer,train
"Backend Developer — Node.js, GraphQL, PostgreSQL, Redis. 8+ years designing scalable APIs and event-driven architectures. Languages: Spanish (professional). Additional: Airflow, dbt.",Backend Developer,train
"Professional summary: Full Stack Developer — MERN stack, GraphQL, MongoDB. 7 years end-to-end delivery with React and Express.js on AWS. Languages: Spanish (professional).",Full Stack Developer,holdout
"Product Manager with 11 years driving roadmaps, user research, and KPI tracking. Agile ceremonies, Jira, and cross-functional leadership with engineering and design. Certifications: CKA. Additional: Airflow, dbt.",Product Manager,train
"Candidate overview | ML Engineer deploying models at scale — PyTorch, TensorFlow 2.x, MLOps on GCP. 2+ years in computer vision and NLP production systems. Languages: Spanish (professional). Additional: Spark.",Machine Learning Engineer,holdout
"ML Engineer deploying models at scale — PyTorch, TensorFlow 2.x, MLOps on Azure. 6+ years in computer vision and NLP production systems. Tools: Confluence. Additional: Snowflake, Kafka.",Machine Learning Engineer,train
"Software Engineer (4+ yrs) — Java 15, Spring Boot, microservices on Azure. CI/CD with Jenkins, Docker, Kubernetes. BS Computer Science. Certifications: CKA. Additional: Kafka.",Software Engineer,train
"Candidate overview | Senior Data Scientist — 9 years in ML pipelines, A/B testing, and stakeholder reporting. Proficient in Python 3.9, PyTorch, Spark, and Tableau. PhD coursework in machine learning. Additional: Airflow.",Data Scientist,holdout
"Senior Data Scientist — 12 years in ML pipelines, A/B testing, and stakeholder reporting. Proficient in Python 3.8, PyTorch, Spark, and Tableau. PhD coursework in machine learning. Languages: Spanish (professional). Additional: Rust, GraphQL.",Data Scientist,train
"Backend Developer — Node.js, GraphQL, PostgreSQL, Redis. 9+ years designing scalable APIs and event-driven architectures. Languages: Spanish (professional).",Backend Developer,train
"Frontend Developer specializing in React.js, TypeScript, CSS3, and accessibility. 6 years building responsive SPAs with Node.js backends. Tools: Confluence.",Frontend Developer,train
"Software Engineer (6+ yrs) — Java 10, Spring Boot, microservices on GCP. CI/CD with Jenkins, Docker, Kubernetes. BS Computer Science.",Software Engineer,train
"Software Engineer (6+ yrs) — Java 19, Spring Boot, microservices on Azure. CI/CD with Jenkins, Docker, Kubernetes. BS Computer Science. Additional: Rust.",Software Engineer,train
"Career profile — Senior Data Scientist — 14 years in ML pipelines, A/B testing, and stakeholder reporting. Proficient in Python 3.8, PyTorch, Spark, and Tableau. PhD coursework in machine learning. Additional: Airflow.",Data Scientist,holdout
"Backend-focused Software Engineer using C++, Python, and REST APIs. Experience with .NET Core, PostgreSQL, Redis, and Agile/Scrum teams since 2015. Additional: Kafka, dbt.",Software Engineer,train
"Software Engineer (9+ yrs) — Java 17, Spring Boot, microservices on AWS. CI/CD with Jenkins, Docker, Kubernetes. BS Computer Science. Additional: Snowflake.",Software Engineer,train
"Software Engineer (5+ yrs) — Java 17, Spring Boot, microservices on AWS. CI/CD with Jenkins, Docker, Kubernetes. BS Computer Science. Certifications: CKA.",Software Engineer,train
"Full Stack Developer — MERN stack, GraphQL, MongoDB. 14 years end-to-end delivery with React and Express.js on Azure. Additional: Kafka.",Full Stack Developer,train
"Backend-focused Software Engineer using C++, Python, and REST APIs. Experience with .NET Core, PostgreSQL, Redis, and Agile/Scrum teams since 2012. Languages: Spanish (professional). Additional: Snowflake.",Software Engineer,train
"Professional summary: ML Engineer deploying models at scale — PyTorch, TensorFlow 2.x, MLOps on GCP. 10+ years in computer vision and NLP production systems. Additional: Kafka.",Machine Learning Engineer,holdout
"Full Stack Developer — MERN stack, GraphQL, MongoDB. 2 years end-to-end delivery with React and Express.js on Azure. Certifications: PMP.",Full Stack Developer,train
"Frontend Developer specializing in React.js, TypeScript, CSS3, and accessibility. 8 years building responsive SPAs with Node.js backends. Tools: Jira. Additional: Spark.",Frontend Developer,train
"Professional summary: Full Stack Developer — MERN stack, GraphQL, MongoDB. 3 years end-to-end delivery with React and Express.js on AWS.",Full Stack Developer,holdout
"Frontend Developer specializing in React.js, TypeScript, CSS3, and accessibility. 5 years building responsive SPAs with Node.js backends. Languages: English (native).",Frontend Developer,train
"Senior Data Scientist — 6 years in ML pipelines, A/B testing, and stakeholder reporting. Proficient in Python 3.9, PyTorch, Spark, and Tableau. PhD coursework in machine learning. Certifications: AWS Certified. Additional: Kafka, Rust.",Data Scientist,train
"ML Engineer deploying models at scale — PyTorch, TensorFlow 2.x, MLOps on Azure. 9+ years in computer vision and NLP production systems. Languages: English (native). Additional: Airflow, dbt.",Machine Learning Engineer,train
"Product Manager with 6 years driving roadmaps, user research, and KPI tracking. Agile ceremonies, Jira, and cross-functional leadership with engineering and design. Tools: Datadog.",Product Manager,train
"Candidate overview | Frontend Developer specializing in React.js, TypeScript, CSS3, and accessibility. 13 years building responsive SPAs with Node.js backends. Additional: Airflow.",Frontend Developer,holdout
"Senior Data Scientist — 3 years in ML pipelines, A/B testing, and stakeholder reporting. Proficient in Python 3.11, PyTorch, Spark, and Tableau. PhD coursework in machine learning. Tools: Jira. Additional: dbt, Spark.",Data Scientist,train
"Professional summary: Frontend Developer specializing in React.js, TypeScript, CSS3, and accessibility. 12 years building responsive SPAs with Node.js backends. Certifications: CKA. Additional: Snowflake.",Frontend Developer,holdout
"Backend Developer — Node.js, GraphQL, PostgreSQL, Redis. 12+ years designing scalable APIs and event-driven architectures. Languages: Spanish (professional). Additional: Kafka.",Backend Developer,train
"Backend Developer — Node.js, GraphQL, PostgreSQL, Redis. 12+ years designing scalable APIs and event-driven architectures. Additional: dbt, Kafka.",Backend Developer,train
"Product Manager with 6 years driving roadmaps, user research, and KPI tracking. Agile ceremonies, Jira, and cross-functional leadership with engineering and design. Languages: English (native). Additional: Kafka.",Product Manager,train
"Career profile — Backend Developer — Node.js, GraphQL, PostgreSQL, Redis. 6+ years designing scalable APIs and event-driven architectures. Additional: Snowflake.",Backend Developer,holdout
"Frontend Developer specializing in React.js, TypeScript, CSS3, and accessibility. 8 years building responsive SPAs with Node.js backends. Certifications: AWS Certified. Additional: Snowflake, dbt.",Frontend Developer,train
"Full Stack Developer — MERN stack, GraphQL, MongoDB. 5 years end-to-end delivery with React and Express.js on GCP. Additional: Snowflake, Rust.",Full Stack Developer,train
"Candidate overview | UX Designer — 13 years wireframing in Figma, usability testing, and design systems. Portfolio includes mobile and web UI/UX for SaaS products. Tools: Datadog. Additional: Kafka, GraphQL.",UX Designer,holdout
"Backend-focused Software Engineer using C++, Python, and REST APIs. Experience with .NET Core, PostgreSQL, Redis, and Agile/Scrum teams since 2015. Languages: English (native).",Software Engineer,train
"Full Stack Developer — MERN stack, GraphQL, MongoDB. 9 years end-to-end delivery with React and Express.js on Azure. Tools: Datadog. Additional: Kafka.",Full Stack Developer,train
"Frontend Developer specializing in React.js, TypeScript, CSS3, and accessibility. 9 years building responsive SPAs with Node.js backends. Languages: English (native).",Frontend Developer,train
"Professional summary: DevOps Engineer — 8+ years: Terraform, Kubernetes, AWS, CI/CD, monitoring. Automated deployments with Docker and Python scripting.",DevOps Engineer,holdout
"Senior Data Scientist — 5 years in ML pipelines, A/B testing, and stakeholder reporting. Proficient in Python 3.11, PyTorch, Spark, and Tableau. PhD coursework in machine learning. Tools: Datadog. Additional: Spark.",Data Scientist,train
"Product Manager with 7 years driving roadmaps, user research, and KPI tracking. Agile ceremonies, Jira, and cross-functional leadership with engineering and design. Certifications: CKA.",Product Manager,train
"DevOps Engineer — 9+ years: Terraform, Kubernetes, AWS, CI/CD, monitoring. Automated deployments with Docker and Python scripting. Languages: Spanish (professional). Additional: Rust.",DevOps Engineer,train
"DevOps Engineer — 7+ years: Terraform, Kubernetes, AWS, CI/CD, monitoring. Automated deployments with Docker and Python scripting. Certifications: PMP. Additional: GraphQL.",DevOps Engineer,train
"Senior Data Scientist — 14 years in ML pipelines, A/B testing, and stakeholder reporting. Proficient in Python 3.8, PyTorch, Spark, and Tableau. PhD coursework in machine learning. Additional: GraphQL, Kafka.",Data Scientist,train
"UX Designer — 7 years wireframing in Figma, usability testing, and design systems. Portfolio includes mobile and web UI/UX for SaaS products. Tools: Datadog. Additional: Snowflake.",UX Designer,train
"Software Engineer (5+ yrs) — Java 19, Spring Boot, microservices on AWS. CI/CD with Jenkins, Docker, Kubernetes. BS Computer Science. Languages: English (native). Additional: dbt, Rust.",Software Engineer,train
"Full Stack Developer — MERN stack, GraphQL, MongoDB. 5 years end-to-end delivery with React and Express.js on AWS. Certifications: PMP.",Full Stack Developer,train
"Professional summary: ML Engineer deploying models at scale — PyTorch, TensorFlow 2.x, MLOps on AWS. 8+ years in computer vision and NLP production systems. Certifications: AWS Certified. Additional: Kafka, dbt.",Machine Learning Engineer,holdout
"Candidate overview | Backend-focused Software Engineer using C++, Python, and REST APIs. Experience with .NET Core, PostgreSQL, Redis, and Agile/Scrum teams since 2014. Certifications: AWS Certified. Additional: dbt.",Software Engineer,holdout
"Backend-focused Software Engineer using C++, Python, and REST APIs. Experience with .NET Core, PostgreSQL, Redis, and Agile/Scrum teams since 2013. Languages: Spanish (professional). Additional: Spark.",Software Engineer,train
"Senior Data Scientist — 13 years in ML pipelines, A/B testing, and stakeholder reporting. Proficient in Python 3.10, PyTorch, Spark, and Tableau. PhD coursework in machine learning. Additional: Spark.",Data Scientist,train
"Data Scientist with 12+ years applying Python 3.11, scikit-learn, and TensorFlow. Built predictive models using AWS and SQL. MS in Statistics. Skills: Pandas, NumPy, TensorFlow 2.x, NLP, data visualization.",Data Scientist,train
"ML Engineer deploying models at scale — PyTorch, TensorFlow 2.x, MLOps on Azure. 2+ years in computer vision and NLP production systems. Tools: Confluence. Additional: Rust.",Machine Learning Engineer,train
"Professional summary: Backend-focused Software Engineer using C++, Python, and REST APIs. Experience with .NET Core, PostgreSQL, Redis, and Agile/Scrum teams since 2023. Languages: Spanish (professional). Additional: Snowflake, Spark.",Software Engineer,holdout
"Frontend Developer specializing in React.js, TypeScript, CSS3, and accessibility. 14 years building responsive SPAs with Node.js backends. Additional: dbt, Rust.",Frontend Developer,train
"Career profile — Senior Data Scientist — 6 years in ML pipelines, A/B testing, and stakeholder reporting. Proficient in Python 3.10, PyTorch, Spark, and Tableau. PhD coursework in machine learning. Tools: Datadog.",Data Scientist,holdout
"Candidate overview | Senior Data Scientist — 3 years in ML pipelines, A/B testing, and stakeholder reporting. Proficient in Python 3.9, PyTorch, Spark, and Tableau. PhD coursework in machine learning. Certifications: PMP.",Data Scientist,holdout
"Software Engineer (13+ yrs) — Java 17, Spring Boot, microservices on AWS. CI/CD with Jenkins, Docker, Kubernetes. BS Computer Science. Languages: English (native). Additional: GraphQL.",Software Engineer,train
"Data Scientist with 7+ years applying Python 3.8, scikit-learn, and XGBoost. Built predictive models using AWS and SQL. MS in Statistics. Skills: Pandas, NumPy, TensorFlow 2.x, NLP, data visualization. Certifications: CKA. Additional: dbt, Airflow.",Data Scientist,train
"ML Engineer deploying models at scale — PyTorch, TensorFlow 2.x, MLOps on GCP. 2+ years in computer vision and NLP production systems. Certifications: CKA.",Machine Learning Engineer,train
"Frontend Developer specializing in React.js, TypeScript, CSS3, and accessibility. 9 years building responsive SPAs with Node.js backends. Additional: Spark.",Frontend Developer,train
"Frontend Developer specializing in React.js, TypeScript, CSS3, and accessibility. 5 years building responsive SPAs with Node.js backends. Tools: Confluence. Additional: dbt, GraphQL.",Frontend Developer,train
"Senior Data Scientist — 5 years in ML pipelines, A/B testing, and stakeholder reporting. Proficient in Python 3.10, PyTorch, Spark, and Tableau. PhD coursework in machine learning. Tools: Confluence.",Data Scientist,train
"DevOps Engineer — 7+ years: Terraform, Kubernetes, AWS, CI/CD, monitoring. Automated deployments with Docker and Python scripting. Languages: English (native). Additional: Kafka, GraphQL.",DevOps Engineer,train
"Career profile — Frontend Developer specializing in React.js, TypeScript, CSS3, and accessibility. 14 years building responsive SPAs with Node.js backends. Tools: Confluence. Additional: dbt, Rust.",Frontend Developer,holdout
"Full Stack Developer — MERN stack, GraphQL, MongoDB. 5 years end-to-end delivery with React and Express.js on GCP. Certifications: PMP.",Full Stack Developer,train
"Career profile — Backend Developer — Node.js, GraphQL, PostgreSQL, Redis. 13+ years designing scalable APIs and event-driven architectures. Tools: Jira. Additional: Rust.",Backend Developer,holdout
"Software Engineer (3+ yrs) — Java 15, Spring Boot, microservices on AWS. CI/CD with Jenkins, Docker, Kubernetes. BS Computer Science. Certifications: PMP. Additional: Rust.",Software Engineer,train
"Product Manager with 7 years driving roadmaps, user research, and KPI tracking. Agile ceremonies, Jira, and cross-functional leadership with engineering and design. Languages: Spanish (professional). Additional: Snowflake.",Product Manager,train
"UX Designer — 9 years wireframing in Figma, usability testing, and design systems. Portfolio includes mobile and web UI/UX for SaaS products. Languages: Spanish (professional). Additional: Kafka.",UX Designer,train
"Career profile — Frontend Developer specializing in React.js, TypeScript, CSS3, and accessibility. 7 years building responsive SPAs with Node.js backends. Languages: English (native).",Frontend Developer,holdout
"Backend-focused Software Engineer using C++, Python, and REST APIs. Experience with .NET Core, PostgreSQL, Redis, and Agile/Scrum teams since 2019. Languages: English (native). Additional: GraphQL.",Software Engineer,train
"Frontend Developer specializing in React.js, TypeScript, CSS3, and accessibility. 10 years building responsive SPAs with Node.js backends. Certifications: AWS Certified.",Frontend Developer,train
"Professional summary: UX Designer — 11 years wireframing in Figma, usability testing, and design systems. Portfolio includes mobile and web UI/UX for SaaS products. Certifications: AWS Certified. Additional: GraphQL.",UX Designer,holdout
"Senior Data Scientist — 8 years in ML pipelines, A/B testing, and stakeholder reporting. Proficient in Python 3.9, PyTorch, Spark, and Tableau. PhD coursework in machine learning. Additional: dbt.",Data Scientist,train
"Senior Data Scientist — 12 years in ML pipelines, A/B testing, and stakeholder reporting. Proficient in Python 3.9, PyTorch, Spark, and Tableau. PhD coursework in machine learning. Languages: English (native).",Data Scientist,train
"UX Designer — 12 years wireframing in Figma, usability testing, and design systems. Portfolio includes mobile and web UI/UX for SaaS products. Languages: English (native). Additional: Rust.",UX Designer,train
"Professional summary: DevOps Engineer — 6+ years: Terraform, Kubernetes, AWS, CI/CD, monitoring. Automated deployments with Docker and Python scripting.",DevOps Engineer,holdout
"Product Manager with 12 years driving roadmaps, user research, and KPI tracking. Agile ceremonies, Jira, and cross-functional leadership with engineering and design. Tools: Confluence.",Product Manager,train
"Product Manager with 3 years driving roadmaps, user research, and KPI tracking. Agile ceremonies, Jira, and cross-functional leadership with engineering and design. Certifications: AWS Certified.",Product Manager,train
"Full Stack Developer — MERN stack, GraphQL, MongoDB. 6 years end-to-end delivery with React and Express.js on AWS. Tools: Datadog. Additional: GraphQL.",Full Stack Developer,train
"Backend-focused Software Engineer using C++, Python, and REST APIs. Experience with .NET Core, PostgreSQL, Redis, and Agile/Scrum teams since 2021. Languages: Spanish (professional). Additional: GraphQL, dbt.",Software Engineer,train
"Professional summary: Senior Data Scientist — 12 years in ML pipelines, A/B testing, and stakeholder reporting. Proficient in Python 3.9, PyTorch, Spark, and Tableau. PhD coursework in machine learning. Languages: English (native). Additional: Rust.",Data Scientist,holdout
"Professional summary: Full Stack Developer — MERN stack, GraphQL, MongoDB. 14 years end-to-end delivery with React and Express.js on Azure. Certifications: CKA. Additional: Spark, Airflow.",Full Stack Developer,holdout
"Frontend Developer specializing in React.js, TypeScript, CSS3, and accessibility. 12 years building responsive SPAs with Node.js backends. Languages: English (native). Additional: Snowflake, Spark.",Frontend Developer,train
"ML Engineer deploying models at scale — PyTorch, TensorFlow 2.x, MLOps on GCP. 5+ years in computer vision and NLP production systems. Certifications: PMP.",Machine Learning Engineer,train
"ML Engineer deploying models at scale — PyTorch, TensorFlow 2.x, MLOps on GCP. 3+ years in computer vision and NLP production systems. Languages: English (native). Additional: GraphQL.",Machine Learning Engineer,train
"Career profile — ML Engineer deploying models at scale — PyTorch, TensorFlow 2.x, MLOps on Azure. 12+ years in computer vision and NLP production systems. Tools: Confluence. Additional: dbt.",Machine Learning Engineer,holdout
"Frontend Developer specializing in React.js, TypeScript, CSS3, and accessibility. 3 years building responsive SPAs with Node.js backends. Additional: Rust, Snowflake.",Frontend Developer,train
"Professional summary: DevOps Engineer — 6+ years: Terraform, Kubernetes, AWS, CI/CD, monitoring. Automated deployments with Docker and Python scripting. Additional: Snowflake, Airflow.",DevOps Engineer,holdout
"Software Engineer (9+ yrs) — Java 20, Spring Boot, microservices on AWS. CI/CD with Jenkins, Docker, Kubernetes. BS Computer Science. Tools: Datadog. Additional: Kafka.",Software Engineer,train
"UX Designer — 11 years wireframing in Figma, usability testing, and design systems. Portfolio includes mobile and web UI/UX for SaaS products. Certifications: CKA.",UX Designer,train
"Backend-focused Software Engineer using C++, Python, and REST APIs. Experience with .NET Core, PostgreSQL, Redis, and Agile/Scrum teams since 2014. Tools: Datadog. Additional: GraphQL.",Software Engineer,train
"Candidate overview | Software Engineer (8+ yrs) — Java 11, Spring Boot, microservices on GCP. CI/CD with Jenkins, Docker, Kubernetes. BS Computer Science. Certifications: PMP.",Software Engineer,holdout
"Frontend Developer specializing in React.js, TypeScript, CSS3, and accessibility. 6 years building responsive SPAs with Node.js backends. Tools: Datadog.",Frontend Developer,train
"Career profile — UX Designer — 2 years wireframing in Figma, usability testing, and design systems. Portfolio includes mobile and web UI/UX for SaaS products. Additional: Rust.",UX Designer,holdout
"Senior Data Scientist — 12 years in ML pipelines, A/B testing, and stakeholder reporting. Proficient in Python 3.9, PyTorch, Spark, and Tableau. PhD coursework in machine learning. Tools: Jira. Additional: Snowflake, dbt.",Data Scientist,train
"Software Engineer (8+ yrs) — Java 18, Spring Boot, microservices on GCP. CI/CD with Jenkins, Docker, Kubernetes. BS Computer Science. Certifications: CKA. Additional: dbt, GraphQL.",Software Engineer,train
"Professional summary: Frontend Developer specializing in React.js, TypeScript, CSS3, and accessibility. 14 years building responsive SPAs with Node.js backends. Tools: Confluence.",Frontend Developer,holdout
"Product Manager with 4 years driving roadmaps, user research, and KPI tracking. Agile ceremonies, Jira, and cross-functional leadership with engineering and design. Certifications: CKA. Additional: Spark, Kafka.",Product Manager,train
"Backend-focused Software Engineer using C++, Python, and REST APIs. Experience with .NET Core, PostgreSQL, Redis, and Agile/Scrum teams since 2024. Languages: Spanish (professional). Additional: Rust.",Software Engineer,train
"Data Scientist with 3+ years applying Python 3.8, scikit-learn, and XGBoost. Built predictive models using GCP and SQL. MS in Statistics. Skills: Pandas, NumPy, TensorFlow 2.x, NLP, data visualization. Languages: English (native).",Data Scientist,train
"Backend Developer — Node.js, GraphQL, PostgreSQL, Redis. 12+ years designing scalable APIs and event-driven architectures. Tools: Datadog. Additional: GraphQL.",Backend Developer,train
"ML Engineer deploying models at scale — PyTorch, TensorFlow 2.x, MLOps on Azure. 3+ years in computer vision and NLP production systems. Certifications: AWS Certified. Additional: Rust, GraphQL.",Machine Learning Engineer,train
"Professional summary: DevOps Engineer — 9+ years: Terraform, Kubernetes, AWS, CI/CD, monitoring. Automated deployments with Docker and Python scripting. Certifications: CKA. Additional: GraphQL.",DevOps Engineer,holdout
"Candidate overview | UX Designer — 2 years wireframing in Figma, usability testing, and design systems. Portfolio includes mobile and web UI/UX for SaaS products. Certifications: PMP.",UX Designer,holdout
"Backend-focused Software Engineer using C++, Python, and REST APIs. Experience with .NET Core, PostgreSQL, Redis, and Agile/Scrum teams since 2020. Tools: Datadog.",Software Engineer,train
"Candidate overview | Backend Developer — Node.js, GraphQL, PostgreSQL, Redis. 2+ years designing scalable APIs and event-driven architectures.",Backend Developer,holdout
"Backend-focused Software Engineer using C++, Python, and REST APIs. Experience with .NET Core, PostgreSQL, Redis, and Agile/Scrum teams since 2024. Certifications: CKA.",Software Engineer,train
"Backend-focused Software Engineer using C++, Python, and REST APIs. Experience with .NET Core, PostgreSQL, Redis, and Agile/Scrum teams since 2017. Additional: Snowflake.",Software Engineer,train
"Software Engineer (13+ yrs) — Java 13, Spring Boot, microservices on AWS. CI/CD with Jenkins, Docker, Kubernetes. BS Computer Science. Additional: dbt, GraphQL.",Software Engineer,train
"Software Engineer (2+ yrs) — Java 9, Spring Boot, microservices on GCP. CI/CD with Jenkins, Docker, Kubernetes. BS Computer Science. Certifications: AWS Certified. Additional: Kafka.",Software Engineer,train
"Backend-focused Software Engineer using C++, Python, and REST APIs. Experience with .NET Core, PostgreSQL, Redis, and Agile/Scrum teams since 2024. Tools: Confluence.",Software Engineer,train
"Backend-focused Software Engineer using C++, Python, and REST APIs. Experience with .NET Core, PostgreSQL, Redis, and Agile/Scrum teams since 2017. Additional: Snowflake, Airflow.",Software Engineer,train
"Career profile — Frontend Developer specializing in React.js, TypeScript, CSS3, and accessibility. 14 years building responsive SPAs with Node.js backends. Certifications: AWS Certified. Additional: GraphQL.",Frontend Developer,holdout
"DevOps Engineer — 11+ years: Terraform, Kubernetes, AWS, CI/CD, monitoring. Automated deployments with Docker and Python scripting. Tools: Datadog. Additional: Rust.",DevOps Engineer,train
"Backend Developer — Node.js, GraphQL, PostgreSQL, Redis. 2+ years designing scalable APIs and event-driven architectures. Tools: Jira. Additional: GraphQL, Rust.",Backend Developer,train
"Senior Data Scientist — 8 years in ML pipelines, A/B testing, and stakeholder reporting. Proficient in Python 3.8, PyTorch, Spark, and Tableau. PhD coursework in machine learning. Certifications: PMP.",Data Scientist,train
"Professional summary: Full Stack Developer — MERN stack, GraphQL, MongoDB. 6 years end-to-end delivery with React and Express.js on AWS. Certifications: AWS Certified.",Full Stack Developer,holdout
"Backend Developer — Node.js, GraphQL, PostgreSQL, Redis. 6+ years designing scalable APIs and event-driven architectures. Tools: Datadog.",Backend Developer,train
"Full Stack Developer — MERN stack, GraphQL, MongoDB. 3 years end-to-end delivery with React and Express.js on GCP. Tools: Datadog.",Full Stack Developer,train
"Full Stack Developer — MERN stack, GraphQL, MongoDB. 14 years end-to-end delivery with React and Express.js on Azure.",Full Stack Developer,train
"Backend Developer — Node.js, GraphQL, PostgreSQL, Redis. 3+ years designing scalable APIs and event-driven architectures. Languages: English (native).",Backend Developer,train
"Frontend Developer specializing in React.js, TypeScript, CSS3, and accessibility. 2 years building responsive SPAs with Node.js backends. Additional: Airflow.",Frontend Developer,train
"Backend-focused Software Engineer using C++, Python, and REST APIs. Experience with .NET Core, PostgreSQL, Redis, and Agile/Scrum teams since 2012. Languages: Spanish (professional). Additional: dbt.",Software Engineer,train
"Full Stack Developer — MERN stack, GraphQL, MongoDB. 7 years end-to-end delivery with React and Express.js on GCP. Tools: Confluence.",Full Stack Developer,train
"Backend Developer — Node.js, GraphQL, PostgreSQL, Redis. 3+ years designing scalable APIs and event-driven architectures. Certifications: PMP. Additional: Rust.",Backend Developer,train
"Frontend Developer specializing in React.js, TypeScript, CSS3, and accessibility. 3 years building responsive SPAs with Node.js backends. Tools: Confluence.",Frontend Developer,train
"UX Designer — 8 years wireframing in Figma, usability testing, and design systems. Portfolio includes mobile and web UI/UX for SaaS products. Certifications: CKA.",UX Designer,train
"Candidate overview | Backend Developer — Node.js, GraphQL, PostgreSQL, Redis. 14+ years designing scalable APIs and event-driven architectures. Certifications: AWS Certified.",Backend Developer,holdout
"Software Engineer (9+ yrs) — Java 9, Spring Boot, microservices on GCP. CI/CD with Jenkins, Docker, Kubernetes. BS Computer Science. Languages: Spanish (professional). Additional: Airflow, Spark.",Software Engineer,train
"Candidate overview | Software Engineer (11+ yrs) — Java 9, Spring Boot, microservices on AWS. CI/CD with Jenkins, Docker, Kubernetes. BS Computer Science. Certifications: CKA. Additional: dbt.",Software Engineer,holdout
"DevOps Engineer — 11+ years: Terraform, Kubernetes, AWS, CI/CD, monitoring. Automated deployments with Docker and Python scripting. Additional: Snowflake, Spark.",DevOps Engineer,train
"Product Manager with 8 years driving roadmaps, user research, and KPI tracking. Agile ceremonies, Jira, and cross-functional leadership with engineering and design. Certifications: AWS Certified. Additional: Kafka.",Product Manager,train
"Data Analyst (8 yrs) — SQL, Power BI, Excel, statistical reporting for business units. Experience with Python for automation and dashboarding. Additional: GraphQL.",Data Analyst,train
"Backend-focused Software Engineer using C++, Python, and REST APIs. Experience with .NET Core, PostgreSQL, Redis, and Agile/Scrum teams since 2018.",Software Engineer,train
"Software Engineer (8+ yrs) — Java 20, Spring Boot, microservices on AWS. CI/CD with Jenkins, Docker, Kubernetes. BS Computer Science. Tools: Jira. Additional: Spark.",Software Engineer,train
"Full Stack Developer — MERN stack, GraphQL, MongoDB. 9 years end-to-end delivery with React and Express.js on GCP. Tools: Jira.",Full Stack Developer,train
"Senior Data Scientist — 3 years in ML pipelines, A/B testing, and stakeholder reporting. Proficient in Python 3.9, PyTorch, Spark, and Tableau. PhD coursework in machine learning. Tools: Jira.",Data Scientist,train
"Frontend Developer specializing in React.js, TypeScript, CSS3, and accessibility. 2 years building responsive SPAs with Node.js backends. Tools: Jira. Additional: dbt.",Frontend Developer,train
"Software Engineer (10+ yrs) — Java 15, Spring Boot, microservices on AWS. CI/CD with Jenkins, Docker, Kubernetes. BS Computer Science. Certifications: CKA. Additional: Kafka, Airflow.",Software Engineer,train
"Professional summary: Backend-focused Software Engineer using C++, Python, and REST APIs. Experience with .NET Core, PostgreSQL, Redis, and Agile/Scrum teams since 2017. Certifications: CKA. Additional: Rust, Kafka.",Software Engineer,holdout
"UX Designer — 10 years wireframing in Figma, usability testing, and design systems. Portfolio includes mobile and web UI/UX for SaaS products. Languages: English (native).",UX Designer,train
"ML Engineer deploying models at scale — PyTorch, TensorFlow 2.x, MLOps on Azure. 8+ years in computer vision and NLP production systems. Tools: Confluence. Additional: Rust, Airflow.",Machine Learning Engineer,train
"Full Stack Developer — MERN stack, GraphQL, MongoDB. 12 years end-to-end delivery with React and Express.js on Azure. Languages: Spanish (professional). Additional: Rust, Spark.",Full Stack Developer,train
"Software Engineer (5+ yrs) — Java 11, Spring Boot, microservices on Azure. CI/CD with Jenkins, Docker, Kubernetes. BS Computer Science. Certifications: AWS Certified.",Software Engineer,train
"Data Analyst (13 yrs) — SQL, Power BI, Excel, statistical reporting for business units. Experience with Python for automation and dashboarding. Certifications: AWS Certified. Additional: Spark.",Data Analyst,train
"Candidate overview | Backend-focused Software Engineer using C++, Python, and REST APIs. Experience with .NET Core, PostgreSQL, Redis, and Agile/Scrum teams since 2013. Languages: English (native). Additional: Kafka, GraphQL.",Software Engineer,holdout
"Full Stack Developer — MERN stack, GraphQL, MongoDB. 2 years end-to-end delivery with React and Express.js on AWS. Languages: Spanish (professional).",Full Stack Developer,train
"Software Engineer (2+ yrs) — Java 20, Spring Boot, microservices on AWS. CI/CD with Jenkins, Docker, Kubernetes. BS Computer Science. Certifications: CKA. Additional: dbt, Snowflake.",Software Engineer,train
"DevOps Engineer — 6+ years: Terraform, Kubernetes, AWS, CI/CD, monitoring. Automated deployments with Docker and Python scripting. Certifications: PMP.",DevOps Engineer,train
"DevOps Engineer — 14+ years: Terraform, Kubernetes, AWS, CI/CD, monitoring. Automated deployments with Docker and Python scripting.",DevOps Engineer,train
"DevOps Engineer — 7+ years: Terraform, Kubernetes, AWS, CI/CD, monitoring. Automated deployments with Docker and Python scripting.",DevOps Engineer,train
"Backend Developer — Node.js, GraphQL, PostgreSQL, Redis. 10+ years designing scalable APIs and event-driven architectures. Tools: Confluence. Additional: Airflow, Spark.",Backend Developer,train
"Full Stack Developer — MERN stack, GraphQL, MongoDB. 10 years end-to-end delivery with React and Express.js on Azure. Tools: Jira. Additional: GraphQL.",Full Stack Developer,train
"ML Engineer deploying models at scale — PyTorch, TensorFlow 2.x, MLOps on Azure. 7+ years in computer vision and NLP production systems. Languages: English (native).",Machine Learning Engineer,train
"ML Engineer deploying models at scale — PyTorch, TensorFlow 2.x, MLOps on Azure. 10+ years in computer vision and NLP production systems. Certifications: AWS Certified. Additional: dbt, Spark.",Machine Learning Engineer,train
"Backend-focused Software Engineer using C++, Python, and REST APIs. Experience with .NET Core, PostgreSQL, Redis, and Agile/Scrum teams since 2014. Additional: Kafka, Airflow.",Software Engineer,train
"Backend-focused Software Engineer using C++, Python, and REST APIs. Experience with .NET Core, PostgreSQL, Redis, and Agile/Scrum teams since 2016. Additional: Snowflake.",Software Engineer,train
"Backend Developer — Node.js, GraphQL, PostgreSQL, Redis. 8+ years designing scalable APIs and event-driven architectures. Tools: Jira. Additional: dbt, Airflow.",Backend Developer,train
"Backend-focused Software Engineer using C++, Python, and REST APIs. Experience with .NET Core, PostgreSQL, Redis, and Agile/Scrum teams since 2024.",Software Engineer,train
"Frontend Developer specializing in React.js, TypeScript, CSS3, and accessibility. 12 years building responsive SPAs with Node.js backends. Tools: Datadog. Additional: Spark, dbt.",Frontend Developer,train
"Software Engineer (2+ yrs) — Java 8, Spring Boot, microservices on Azure. CI/CD with Jenkins, Docker, Kubernetes. BS Computer Science. Languages: Spanish (professional).",Software Engineer,train
"Career profile — Senior Data Scientist — 4 years in ML pipelines, A/B testing, and stakeholder reporting. Proficient in Python 3.8, PyTorch, Spark, and Tableau. PhD coursework in machine learning.",Data Scientist,holdout
"Backend Developer — Node.js, GraphQL, PostgreSQL, Redis. 10+ years designing scalable APIs and event-driven architectures. Certifications: CKA. Additional: Kafka, Airflow.",Backend Developer,train
"Backend Developer — Node.js, GraphQL, PostgreSQL, Redis. 9+ years designing scalable APIs and event-driven architectures. Tools: Datadog. Additional: Airflow.",Backend Developer,train
"Data Scientist with 8+ years applying Python 3.10, scikit-learn, and PyTorch. Built predictive models using Azure and SQL. MS in Statistics. Skills: Pandas, NumPy, TensorFlow 2.x, NLP, data visualization. Certifications: AWS Certified.",Data Scientist,train
"Professional summary: DevOps Engineer — 14+ years: Terraform, Kubernetes, AWS, CI/CD, monitoring. Automated deployments with Docker and Python scripting. Tools: Datadog. Additional: Rust, dbt.",DevOps Engineer,holdout
"Frontend Developer specializing in React.js, TypeScript, CSS3, and accessibility. 5 years building responsive SPAs with Node.js backends. Tools: Datadog. Additional: GraphQL, Snowflake.",Frontend Developer,train
"DevOps Engineer — 10+ years: Terraform, Kubernetes, AWS, CI/CD, monitoring. Automated deployments with Docker and Python scripting. Additional: Kafka, dbt.",DevOps Engineer,train
"Career profile — DevOps Engineer — 8+ years: Terraform, Kubernetes, AWS, CI/CD, monitoring. Automated deployments with Docker and Python scripting.",DevOps Engineer,holdout
"Software Engineer (14+ yrs) — Java 20, Spring Boot, microservices on GCP. CI/CD with Jenkins, Docker, Kubernetes. BS Computer Science. Tools: Datadog. Additional: Airflow, GraphQL.",Software Engineer,train
"Full Stack Developer — MERN stack, GraphQL, MongoDB. 14 years end-to-end delivery with React and Express.js on GCP. Certifications: AWS Certified.",Full Stack Developer,train
"Software Engineer (4+ yrs) — Java 17, Spring Boot, microservices on AWS. CI/CD with Jenkins, Docker, Kubernetes. BS Computer Science. Additional: Spark, Snowflake.",Software Engineer,train
"Frontend Developer specializing in React.js, TypeScript, CSS3, and accessibility. 6 years building responsive SPAs with Node.js backends. Certifications: CKA.",Frontend Developer,train
"Candidate overview | Frontend Developer specializing in React.js, TypeScript, CSS3, and accessibility. 3 years building responsive SPAs with Node.js backends. Certifications: PMP. Additional: GraphQL, Spark.",Frontend Developer,holdout
"Backend-focused Software Engineer using C++, Python, and REST APIs. Experience with .NET Core, PostgreSQL, Redis, and Agile/Scrum teams since 2012. Certifications: PMP. Additional: dbt.",Software Engineer,train
"Software Engineer (12+ yrs) — Java 15, Spring Boot, microservices on AWS. CI/CD with Jenkins, Docker, Kubernetes. BS Computer Science. Additional: GraphQL.",Software Engineer,train
"Backend-focused Software Engineer using C++, Python, and REST APIs. Experience with .NET Core, PostgreSQL, Redis, and Agile/Scrum teams since 2015. Additional: Airflow, GraphQL.",Software Engineer,train
"Backend Developer — Node.js, GraphQL, PostgreSQL, Redis. 9+ years designing scalable APIs and event-driven architectures. Additional: Snowflake.",Backend Developer,train
"Backend-focused Software Engineer using C++, Python, and REST APIs. Experience with .NET Core, PostgreSQL, Redis, and Agile/Scrum teams since 2022. Tools: Jira.",Software Engineer,train
"Frontend Developer specializing in React.js, TypeScript, CSS3, and accessibility. 6 years building responsive SPAs with Node.js backends. Additional: dbt.",Frontend Developer,train
"Backend Developer — Node.js, GraphQL, PostgreSQL, Redis. 9+ years designing scalable APIs and event-driven architectures. Tools: Datadog. Additional: Kafka, Spark.",Backend Developer,train
"Software Engineer (11+ yrs) — Java 10, Spring Boot, microservices on Azure. CI/CD with Jenkins, Docker, Kubernetes. BS Computer Science. Certifications: CKA. Additional: Snowflake, Rust.",Software Engineer,train
"Product Manager with 9 years driving roadmaps, user research, and KPI tracking. Agile ceremonies, Jira, and cross-functional leadership with engineering and design. Languages: Spanish (professional).",Product Manager,train
"Full Stack Developer — MERN stack, GraphQL, MongoDB. 5 years end-to-end delivery with React and Express.js on AWS. Tools: Confluence.",Full Stack Developer,train
"Professional summary: Frontend Developer specializing in React.js, TypeScript, CSS3, and accessibility. 11 years building responsive SPAs with Node.js backends. Languages: Spanish (professional).",Frontend Developer,holdout
"Backend Developer — Node.js, GraphQL, PostgreSQL, Redis. 3+ years designing scalable APIs and event-driven architectures.",Backend Developer,train
"UX Designer — 11 years wireframing in Figma, usability testing, and design systems. Portfolio includes mobile and web UI/UX for SaaS products. Languages: English (native). Additional: dbt.",UX Designer,train
"Product Manager with 9 years driving roadmaps, user research, and KPI tracking. Agile ceremonies, Jira, and cross-functional leadership with engineering and design. Certifications: PMP. Additional: dbt.",Product Manager,train
"DevOps Engineer — 12+ years: Terraform, Kubernetes, AWS, CI/CD, monitoring. Automated deployments with Docker and Python scripting. Additional: Airflow.",DevOps Engineer,train
"Data Analyst (7 yrs) — SQL, Power BI, Excel, statistical reporting for business units. Experience with Python for automation and dashboarding. Certifications: AWS Certified.",Data Analyst,train
"ML Engineer deploying models at scale — PyTorch, TensorFlow 2.x, MLOps on Azure. 14+ years in computer vision and NLP production systems. Certifications: AWS Certified. Additional: Spark, Snowflake.",Machine Learning Engineer,train
"ML Engineer deploying models at scale — PyTorch, TensorFlow 2.x, MLOps on GCP. 3+ years in computer vision and NLP production systems. Certifications: CKA. Additional: Rust, dbt.",Machine Learning Engineer,train
"Professional summary: Frontend Developer specializing in React.js, TypeScript, CSS3, and accessibility. 4 years building responsive SPAs with Node.js backends. Tools: Confluence.",Frontend Developer,holdout
"Backend-focused Software Engineer using C++, Python, and REST APIs. Experience with .NET Core, PostgreSQL, Redis, and Agile/Scrum teams since 2023.",Software Engineer,train
"DevOps Engineer — 12+ years: Terraform, Kubernetes, AWS, CI/CD, monitoring. Automated deployments with Docker and Python scripting. Languages: Spanish (professional). Additional: Airflow, Kafka.",DevOps Engineer,train
"DevOps Engineer — 10+ years: Terraform, Kubernetes, AWS, CI/CD, monitoring. Automated deployments with Docker and Python scripting. Certifications: PMP. Additional: Snowflake, Rust.",DevOps Engineer,train
"Software Engineer (12+ yrs) — Java 21, Spring Boot, microservices on AWS. CI/CD with Jenkins, Docker, Kubernetes. BS Computer Science.",Software Engineer,train
"Professional summary: Backend-focused Software Engineer using C++, Python, and REST APIs. Experience with .NET Core, PostgreSQL, Redis, and Agile/Scrum teams since 2012. Certifications: AWS Certified. Additional: Rust, Airflow.",Software Engineer,holdout
"Senior Data Scientist — 10 years in ML pipelines, A/B testing, and stakeholder reporting. Proficient in Python 3.9, PyTorch, Spark, and Tableau. PhD coursework in machine learning. Certifications: AWS Certified.",Data Scientist,train
"Candidate overview | Backend Developer — Node.js, GraphQL, PostgreSQL, Redis. 4+ years designing scalable APIs and event-driven architectures. Languages: English (native). Additional: Snowflake.",Backend Developer,holdout
"Candidate overview | DevOps Engineer — 14+ years: Terraform, Kubernetes, AWS, CI/CD, monitoring. Automated deployments with Docker and Python scripting. Certifications: CKA. Additional: Kafka.",DevOps Engineer,holdout
"Frontend Developer specializing in React.js, TypeScript, CSS3, and accessibility. 7 years building responsive SPAs with Node.js backends. Additional: Snowflake.",Frontend Developer,train
"Professional summary: Full Stack Developer — MERN stack, GraphQL, MongoDB. 9 years end-to-end delivery with React and Express.js on Azure. Certifications: PMP. Additional: dbt, Snowflake.",Full Stack Developer,holdout
"Career profile — Frontend Developer specializing in React.js, TypeScript, CSS3, and accessibility. 7 years building responsive SPAs with Node.js backends. Certifications: PMP. Additional: Airflow, Snowflake.",Frontend Developer,holdout
"DevOps Engineer — 7+ years: Terraform, Kubernetes, AWS, CI/CD, monitoring. Automated deployments with Docker and Python scripting. Certifications: PMP. Additional: Rust.",DevOps Engineer,train
"Full Stack Developer — MERN stack, GraphQL, MongoDB. 14 years end-to-end delivery with React and Express.js on GCP. Tools: Jira. Additional: Kafka.",Full Stack Developer,train
"Backend Developer — Node.js, GraphQL, PostgreSQL, Redis. 14+ years designing scalable APIs and event-driven architectures. Tools: Jira. Additional: Rust, Spark.",Backend Developer,train
"Candidate overview | Backend-focused Software Engineer using C++, Python, and REST APIs. Experience with .NET Core, PostgreSQL, Redis, and Agile/Scrum teams since 2024. Certifications: CKA. Additional: Kafka.",Software Engineer,holdout
"Professional summary: Full Stack Developer — MERN stack, GraphQL, MongoDB. 2 years end-to-end delivery with React and Express.js on GCP.",Full Stack Developer,holdout
"Software Engineer (9+ yrs) — Java 16, Spring Boot, microservices on AWS. CI/CD with Jenkins, Docker, Kubernetes. BS Computer Science. Certifications: AWS Certified.",Software Engineer,train
"Candidate overview | Frontend Developer specializing in React.js, TypeScript, CSS3, and accessibility. 6 years building responsive SPAs with Node.js backends. Tools: Datadog.",Frontend Developer,holdout
"UX Designer — 2 years wireframing in Figma, usability testing, and design systems. Portfolio includes mobile and web UI/UX for SaaS products. Certifications: PMP. Additional: Spark, Airflow.",UX Designer,train
"Full Stack Developer — MERN stack, GraphQL, MongoDB. 12 years end-to-end delivery with React and Express.js on GCP.",Full Stack Developer,train
"Software Engineer (3+ yrs) — Java 19, Spring Boot, microservices on GCP. CI/CD with Jenkins, Docker, Kubernetes. BS Computer Science. Tools: Confluence. Additional: Snowflake.",Software Engineer,train
"DevOps Engineer — 7+ years: Terraform, Kubernetes, AWS, CI/CD, monitoring. Automated deployments with Docker and Python scripting. Certifications: CKA. Additional: dbt.",DevOps Engineer,train
"Frontend Developer specializing in React.js, TypeScript, CSS3, and accessibility. 13 years building responsive SPAs with Node.js backends. Languages: Spanish (professional). Additional: Snowflake.",Frontend Developer,train
"Frontend Developer specializing in React.js, TypeScript, CSS3, and accessibility. 8 years building responsive SPAs with Node.js backends. Certifications: PMP.",Frontend Developer,train
"Full Stack Developer — MERN stack, GraphQL, MongoDB. 5 years end-to-end delivery with React and Express.js on AWS. Languages: Spanish (professional). Additional: dbt.",Full Stack Developer,train
"Full Stack Developer — MERN stack, GraphQL, MongoDB. 9 years end-to-end delivery with React and Express.js on Azure. Tools: Jira.",Full Stack Developer,train
"Full Stack Developer — MERN stack, GraphQL, MongoDB. 10 years end-to-end delivery with React and Express.js on AWS. Certifications: CKA.",Full Stack Developer,train
"Backend-focused Software Engineer using C++, Python, and REST APIs. Experience with .NET Core, PostgreSQL, Redis, and Agile/Scrum teams since 2022.",Software Engineer,train
"Frontend Developer specializing in React.js, TypeScript, CSS3, and accessibility. 6 years building responsive SPAs with Node.js backends. Certifications: CKA. Additional: GraphQL.",Frontend Developer,train
"Product Manager with 14 years driving roadmaps, user research, and KPI tracking. Agile ceremonies, Jira, and cross-functional leadership with engineering and design. Certifications: PMP.",Product Manager,train
"Backend Developer — Node.js, GraphQL, PostgreSQL, Redis. 11+ years designing scalable APIs and event-driven architectures. Certifications: PMP.",Backend Developer,train
"Software Engineer (10+ yrs) — Java 16, Spring Boot, microservices on GCP. CI/CD with Jenkins, Docker, Kubernetes. BS Computer Science. Languages: English (native).",Software Engineer,train
"Backend-focused Software Engineer using C++, Python, and REST APIs. Experience with .NET Core, PostgreSQL, Redis, and Agile/Scrum teams since 2024. Certifications: CKA. Additional: Spark.",Software Engineer,train
"Data Scientist with 5+ years applying Python 3.8, scikit-learn, and TensorFlow. Built predictive models using AWS and SQL. MS in Statistics. Skills: Pandas, NumPy, TensorFlow 2.x, NLP, data visualization. Tools: Jira.",Data Scientist,train
"UX Designer — 14 years wireframing in Figma, usability testing, and design systems. Portfolio includes mobile and web UI/UX for SaaS products. Tools: Jira.",UX Designer,train
"Software Engineer (10+ yrs) — Java 19, Spring Boot, microservices on GCP. CI/CD with Jenkins, Docker, Kubernetes. BS Computer Science. Languages: English (native). Additional: GraphQL, Kafka.",Software Engineer,train
"Backend Developer — Node.js, GraphQL, PostgreSQL, Redis. 13+ years designing scalable APIs and event-driven architectures. Certifications: AWS Certified. Additional: GraphQL.",Backend Developer,train
"Data Scientist with 5+ years applying Python 3.11, scikit-learn, and TensorFlow. Built predictive models using GCP and SQL. MS in Statistics. Skills: Pandas, NumPy, TensorFlow 2.x, NLP, data visualization. Languages: English (native).",Data Scientist,train
"Backend Developer — Node.js, GraphQL, PostgreSQL, Redis. 9+ years designing scalable APIs and event-driven architectures. Certifications: AWS Certified. Additional: Kafka, GraphQL.",Backend Developer,train
"Data Analyst (11 yrs) — SQL, Power BI, Excel, statistical reporting for business units. Experience with Python for automation and dashboarding. Languages: Spanish (professional). Additional: Snowflake.",Data Analyst,train
"Full Stack Developer — MERN stack, GraphQL, MongoDB. 13 years end-to-end delivery with React and Express.js on Azure. Certifications: AWS Certified.",Full Stack Developer,train
"Career profile — Backend Developer — Node.js, GraphQL, PostgreSQL, Redis. 7+ years designing scalable APIs and event-driven architectures. Tools: Datadog. Additional: Snowflake, Rust.",Backend Developer,holdout
"Full Stack Developer — MERN stack, GraphQL, MongoDB. 14 years end-to-end delivery with React and Express.js on AWS. Tools: Jira.",Full Stack Developer,train
"Product Manager with 11 years driving roadmaps, user research, and KPI tracking. Agile ceremonies, Jira, and cross-functional leadership with engineering and design.",Product Manager,train
"Backend Developer — Node.js, GraphQL, PostgreSQL, Redis. 13+ years designing scalable APIs and event-driven architectures. Additional: dbt, Snowflake.",Backend Developer,train
"Data Scientist with 3+ years applying Python 3.8, scikit-learn, and PyTorch. Built predictive models using AWS and SQL. MS in Statistics. Skills: Pandas, NumPy, TensorFlow 2.x, NLP, data visualization. Additional: dbt, GraphQL.",Data Scientist,train
"Senior Data Scientist — 7 years in ML pipelines, A/B testing, and stakeholder reporting. Proficient in Python 3.11, PyTorch, Spark, and Tableau. PhD coursework in machine learning. Languages: English (native). Additional: Snowflake.",Data Scientist,train
"Career profile — Backend-focused Software Engineer using C++, Python, and REST APIs. Experience with .NET Core, PostgreSQL, Redis, and Agile/Scrum teams since 2019. Tools: Datadog. Additional: Airflow.",Software Engineer,holdout
"Candidate overview | Full Stack Developer — MERN stack, GraphQL, MongoDB. 14 years end-to-end delivery with React and Express.js on AWS. Certifications: CKA. Additional: dbt, Spark.",Full Stack Developer,holdout
"Software Engineer (4+ yrs) — Java 11, Spring Boot, microservices on AWS. CI/CD with Jenkins, Docker, Kubernetes. BS Computer Science. Languages: Spanish (professional). Additional: Kafka, Airflow.",Software Engineer,train
"Full Stack Developer — MERN stack, GraphQL, MongoDB. 10 years end-to-end delivery with React and Express.js on GCP. Languages: Spanish (professional).",Full Stack Developer,train
"Product Manager with 11 years driving roadmaps, user research, and KPI tracking. Agile ceremonies, Jira, and cross-functional leadership with engineering and design. Additional: Spark.",Product Manager,train
"DevOps Engineer — 6+ years: Terraform, Kubernetes, AWS, CI/CD, monitoring. Automated deployments with Docker and Python scripting. Languages: English (native). Additional: Snowflake.",DevOps Engineer,train
"DevOps Engineer — 14+ years: Terraform, Kubernetes, AWS, CI/CD, monitoring. Automated deployments with Docker and Python scripting. Certifications: PMP.",DevOps Engineer,train
"Frontend Developer specializing in React.js, TypeScript, CSS3, and accessibility. 8 years building responsive SPAs with Node.js backends. Languages: Spanish (professional).",Frontend Developer,train
"Full Stack Developer — MERN stack, GraphQL, MongoDB. 7 years end-to-end delivery with React and Express.js on AWS. Additional: Snowflake, GraphQL.",Full Stack Developer,train
"Professional summary: Frontend Developer specializing in React.js, TypeScript, CSS3, and accessibility. 2 years building responsive SPAs with Node.js backends. Tools: Confluence.",Frontend Developer,holdout
"ML Engineer deploying models at scale — PyTorch, TensorFlow 2.x, MLOps on Azure. 2+ years in computer vision and NLP production systems. Languages: English (native).",Machine Learning Engineer,train
"Frontend Developer specializing in React.js, TypeScript, CSS3, and accessibility. 7 years building responsive SPAs with Node.js backends. Certifications: PMP. Additional: GraphQL, Kafka.",Frontend Developer,train
"Professional summary: Full Stack Developer — MERN stack, GraphQL, MongoDB. 10 years end-to-end delivery with React and Express.js on AWS. Certifications: PMP. Additional: Airflow, Rust.",Full Stack Developer,holdout
"Full Stack Developer — MERN stack, GraphQL, MongoDB. 10 years end-to-end delivery with React and Express.js on AWS. Tools: Jira.",Full Stack Developer,train
"DevOps Engineer — 3+ years: Terraform, Kubernetes, AWS, CI/CD, monitoring. Automated deployments with Docker and Python scripting. Languages: Spanish (professional). Additional: GraphQL, dbt.",DevOps Engineer,train
"ML Engineer deploying models at scale — PyTorch, TensorFlow 2.x, MLOps on GCP. 3+ years in computer vision and NLP production systems. Certifications: CKA. Additional: GraphQL, Rust.",Machine Learning Engineer,train
"Full Stack Developer — MERN stack, GraphQL, MongoDB. 5 years end-to-end delivery with React and Express.js on GCP.",Full Stack Developer,train
"Full Stack Developer — MERN stack, GraphQL, MongoDB. 14 years end-to-end delivery with React and Express.js on GCP. Languages: English (native).",Full Stack Developer,train
"DevOps Engineer — 13+ years: Terraform, Kubernetes, AWS, CI/CD, monitoring. Automated deployments with Docker and Python scripting. Certifications: CKA.",DevOps Engineer,train
"Backend-focused Software Engineer using C++, Python, and REST APIs. Experience with .NET Core, PostgreSQL, Redis, and Agile/Scrum teams since 2019. Tools: Confluence.",Software Engineer,train
"Full Stack Developer — MERN stack, GraphQL, MongoDB. 3 years end-to-end delivery with React and Express.js on GCP.",Full Stack Developer,train
"Candidate overview | Backend-focused Software Engineer using C++, Python, and REST APIs. Experience with .NET Core, PostgreSQL, Redis, and Agile/Scrum teams since 2021. Languages: English (native). Additional: Airflow, Spark.",Software Engineer,holdout
"Full Stack Developer — MERN stack, GraphQL, MongoDB. 7 years end-to-end delivery with React and Express.js on GCP. Tools: Confluence. Additional: Snowflake, Rust.",Full Stack Developer,train
"Frontend Developer specializing in React.js, TypeScript, CSS3, and accessibility. 4 years building responsive SPAs with Node.js backends. Additional: Rust, Snowflake.",Frontend Developer,train
"Professional summary: Full Stack Developer — MERN stack, GraphQL, MongoDB. 8 years end-to-end delivery with React and Express.js on Azure. Additional: dbt.",Full Stack Developer,holdout
"Backend Developer — Node.js, GraphQL, PostgreSQL, Redis. 5+ years designing scalable APIs and event-driven architectures. Languages: Spanish (professional).",Backend Developer,train
"Career profile — Backend-focused Software Engineer using C++, Python, and REST APIs. Experience with .NET Core, PostgreSQL, Redis, and Agile/Scrum teams since 2018.",Software Engineer,holdout
"Candidate overview | DevOps Engineer — 14+ years: Terraform, Kubernetes, AWS, CI/CD, monitoring. Automated deployments with Docker and Python scripting. Languages: Spanish (professional).",DevOps Engineer,holdout
"UX Designer — 11 years wireframing in Figma, usability testing, and design systems. Portfolio includes mobile and web UI/UX for SaaS products. Certifications: CKA. Additional: Spark, Rust.",UX Designer,train
"Data Analyst (13 yrs) — SQL, Power BI, Excel, statistical reporting for business units. Experience with Python for automation and dashboarding. Certifications: AWS Certified. Additional: dbt.",Data Analyst,train
"Data Analyst (3 yrs) — SQL, Power BI, Excel, statistical reporting for business units. Experience with Python for automation and dashboarding. Additional: GraphQL, Spark.",Data Analyst,train
"Software Engineer (2+ yrs) — Java 16, Spring Boot, microservices on GCP. CI/CD with Jenkins, Docker, Kubernetes. BS Computer Science. Tools: Confluence.",Software Engineer,train
"Full Stack Developer — MERN stack, GraphQL, MongoDB. 9 years end-to-end delivery with React and Express.js on Azure.",Full Stack Developer,train
"Software Engineer (4+ yrs) — Java 13, Spring Boot, microservices on AWS. CI/CD with Jenkins, Docker, Kubernetes. BS Computer Science. Certifications: PMP. Additional: Rust.",Software Engineer,train
"DevOps Engineer — 8+ years: Terraform, Kubernetes, AWS, CI/CD, monitoring. Automated deployments with Docker and Python scripting. Languages: English (native). Additional: Airflow.",DevOps Engineer,train
"Career profile — DevOps Engineer — 2+ years: Terraform, Kubernetes, AWS, CI/CD, monitoring. Automated deployments with Docker and Python scripting. Certifications: CKA. Additional: dbt, Rust.",DevOps Engineer,holdout
"Full Stack Developer — MERN stack, GraphQL, MongoDB. 6 years end-to-end delivery with React and Express.js on Azure.",Full Stack Developer,train
"Professional summary: Product Manager with 6 years driving roadmaps, user research, and KPI tracking. Agile ceremonies, Jira, and cross-functional leadership with engineering and design. Tools: Datadog. Additional: Rust, dbt.",Product Manager,holdout
"DevOps Engineer — 13+ years: Terraform, Kubernetes, AWS, CI/CD, monitoring. Automated deployments with Docker and Python scripting. Languages: English (native). Additional: Kafka, Airflow.",DevOps Engineer,train
"Candidate overview | Data Analyst (11 yrs) — SQL, Power BI, Excel, statistical reporting for business units. Experience with Python for automation and dashboarding. Certifications: PMP. Additional: Snowflake.",Data Analyst,holdout
"Career profile — Data Analyst (2 yrs) — SQL, Power BI, Excel, statistical reporting for business units. Experience with Python for automation and dashboarding. Tools: Jira. Additional: Snowflake, GraphQL.",Data Analyst,holdout
"Career profile — Senior Data Scientist — 13 years in ML pipelines, A/B testing, and stakeholder reporting. Proficient in Python 3.11, PyTorch, Spark, and Tableau. PhD coursework in machine learning. Additional: GraphQL.",Data Scientist,holdout
"Frontend Developer specializing in React.js, TypeScript, CSS3, and accessibility. 2 years building responsive SPAs with Node.js backends. Additional: GraphQL.",Frontend Developer,train
"ML Engineer deploying models at scale — PyTorch, TensorFlow 2.x, MLOps on GCP. 4+ years in computer vision and NLP production systems. Languages: Spanish (professional). Additional: Kafka, GraphQL.",Machine Learning Engineer,train
"Frontend Developer specializing in React.js, TypeScript, CSS3, and accessibility. 3 years building responsive SPAs with Node.js backends. Additional: Rust, Snowflake.",Frontend Developer,train
"DevOps Engineer — 4+ years: Terraform, Kubernetes, AWS, CI/CD, monitoring. Automated deployments with Docker and Python scripting. Tools: Confluence. Additional: GraphQL.",DevOps Engineer,train
"ML Engineer deploying models at scale — PyTorch, TensorFlow 2.x, MLOps on GCP. 6+ years in computer vision and NLP production systems. Languages: Spanish (professional).",Machine Learning Engineer,train
"Backend Developer — Node.js, GraphQL, PostgreSQL, Redis. 12+ years designing scalable APIs and event-driven architectures. Tools: Confluence. Additional: GraphQL, Snowflake.",Backend Developer,train
"Software Engineer (11+ yrs) — Java 11, Spring Boot, microservices on Azure. CI/CD with Jenkins, Docker, Kubernetes. BS Computer Science. Additional: Airflow.",Software Engineer,train
"Professional summary: Software Engineer (10+ yrs) — Java 12, Spring Boot, microservices on Azure. CI/CD with Jenkins, Docker, Kubernetes. BS Computer Science. Certifications: AWS Certified. Additional: Snowflake.",Software Engineer,holdout
"Frontend Developer specializing in React.js, TypeScript, CSS3, and accessibility. 9 years building responsive SPAs with Node.js backends.",Frontend Developer,train
"Data Analyst (12 yrs) — SQL, Power BI, Excel, statistical reporting for business units. Experience with Python for automation and dashboarding. Additional: GraphQL, Kafka.",Data Analyst,train
"Backend Developer — Node.js, GraphQL, PostgreSQL, Redis. 5+ years designing scalable APIs and event-driven architectures. Additional: Rust.",Backend Developer,train
"Candidate overview | Frontend Developer specializing in React.js, TypeScript, CSS3, and accessibility. 10 years building responsive SPAs with Node.js backends. Certifications: PMP. Additional: Airflow.",Frontend Developer,holdout
"Senior Data Scientist — 10 years in ML pipelines, A/B testing, and stakeholder reporting. Proficient in Python 3.9, PyTorch, Spark, and Tableau. PhD coursework in machine learning. Languages: Spanish (professional).",Data Scientist,train
"DevOps Engineer — 2+ years: Terraform, Kubernetes, AWS, CI/CD, monitoring. Automated deployments with Docker and Python scripting. Additional: GraphQL.",DevOps Engineer,train
"Candidate overview | Backend-focused Software Engineer using C++, Python, and REST APIs. Experience with .NET Core, PostgreSQL, Redis, and Agile/Scrum teams since 2022.",Software Engineer,holdout
"Career profile — Data Scientist with 2+ years applying Python 3.11, scikit-learn, and TensorFlow. Built predictive models using Azure and SQL. MS in Statistics. Skills: Pandas, NumPy, TensorFlow 2.x, NLP, data visualization. Certifications: PMP. Additional: Airflow, Kafka.",Data Scientist,holdout
"Data Scientist with 13+ years applying Python 3.11, scikit-learn, and TensorFlow. Built predictive models using Azure and SQL. MS in Statistics. Skills: Pandas, NumPy, TensorFlow 2.x, NLP, data visualization. Tools: Confluence. Additional: GraphQL, Rust.",Data Scientist,train
"Full Stack Developer — MERN stack, GraphQL, MongoDB. 5 years end-to-end delivery with React and Express.js on GCP. Certifications: AWS Certified.",Full Stack Developer,train
"Backend Developer — Node.js, GraphQL, PostgreSQL, Redis. 5+ years designing scalable APIs and event-driven architectures. Additional: Rust.",Backend Developer,train
"Frontend Developer specializing in React.js, TypeScript, CSS3, and accessibility. 12 years building responsive SPAs with Node.js backends. Additional: Airflow.",Frontend Developer,train
"Candidate overview | ML Engineer deploying models at scale — PyTorch, TensorFlow 2.x, MLOps on Azure. 4+ years in computer vision and NLP production systems.",Machine Learning Engineer,holdout
"Software Engineer (5+ yrs) — Java 14, Spring Boot, microservices on AWS. CI/CD with Jenkins, Docker, Kubernetes. BS Computer Science. Certifications: PMP. Additional: Spark, Rust.",Software Engineer,train
"DevOps Engineer — 14+ years: Terraform, Kubernetes, AWS, CI/CD, monitoring. Automated deployments with Docker and Python scripting. Additional: dbt, GraphQL.",DevOps Engineer,train
"DevOps Engineer — 9+ years: Terraform, Kubernetes, AWS, CI/CD, monitoring. Automated deployments with Docker and Python scripting. Languages: Spanish (professional).",DevOps Engineer,train
"Data Scientist with 7+ years applying Python 3.11, scikit-learn, and TensorFlow. Built predictive models using AWS and SQL. MS in Statistics. Skills: Pandas, NumPy, TensorFlow 2.x, NLP, data visualization. Certifications: PMP.",Data Scientist,train
"UX Designer — 10 years wireframing in Figma, usability testing, and design systems. Portfolio includes mobile and web UI/UX for SaaS products. Certifications: AWS Certified.",UX Designer,train
"ML Engineer deploying models at scale — PyTorch, TensorFlow 2.x, MLOps on Azure. 8+ years in computer vision and NLP production systems. Tools: Jira. Additional: GraphQL, Kafka.",Machine Learning Engineer,train
"Candidate overview | DevOps Engineer — 11+ years: Terraform, Kubernetes, AWS, CI/CD, monitoring. Automated deployments with Docker and Python scripting.",DevOps Engineer,holdout
"Backend Developer — Node.js, GraphQL, PostgreSQL, Redis. 13+ years designing scalable APIs and event-driven architectures. Certifications: PMP.",Backend Developer,train
"Full Stack Developer — MERN stack, GraphQL, MongoDB. 13 years end-to-end delivery with React and Express.js on AWS. Languages: English (native). Additional: Spark.",Full Stack Developer,train
"Backend-focused Software Engineer using C++, Python, and REST APIs. Experience with .NET Core, PostgreSQL, Redis, and Agile/Scrum teams since 2021. Languages: English (native). Additional: Spark, dbt.",Software Engineer,train
"UX Designer — 13 years wireframing in Figma, usability testing, and design systems. Portfolio includes mobile and web UI/UX for SaaS products.",UX Designer,train
"Data Analyst (10 yrs) — SQL, Power BI, Excel, statistical reporting for business units. Experience with Python for automation and dashboarding. Certifications: CKA. Additional: GraphQL.",Data Analyst,train
"Career profile — UX Designer — 13 years wireframing in Figma, usability testing, and design systems. Portfolio includes mobile and web UI/UX for SaaS products. Tools: Jira. Additional: Airflow.",UX Designer,holdout
"Professional summary: UX Designer — 6 years wireframing in Figma, usability testing, and design systems. Portfolio includes mobile and web UI/UX for SaaS products. Additional: Rust, Airflow.",UX Designer,holdout
"Data Analyst (7 yrs) — SQL, Power BI, Excel, statistical reporting for business units. Experience with Python for automation and dashboarding. Languages: English (native).",Data Analyst,train
"Candidate overview | Software Engineer (9+ yrs) — Java 14, Spring Boot, microservices on Azure. CI/CD with Jenkins, Docker, Kubernetes. BS Computer Science. Additional: Airflow.",Software Engineer,holdout
"Backend-focused Software Engineer using C++, Python, and REST APIs. Experience with .NET Core, PostgreSQL, Redis, and Agile/Scrum teams since 2016. Certifications: AWS Certified.",Software Engineer,train
"Backend Developer — Node.js, GraphQL, PostgreSQL, Redis. 3+ years designing scalable APIs and event-driven architectures.",Backend Developer,train
"Professional summary: Backend Developer — Node.js, GraphQL, PostgreSQL, Redis. 2+ years designing scalable APIs and event-driven architectures. Certifications: AWS Certified.",Backend Developer,holdout
"Software Engineer (6+ yrs) — Java 15, Spring Boot, microservices on GCP. CI/CD with Jenkins, Docker, Kubernetes. BS Computer Science.",Software Engineer,train
"Career profile — Frontend Developer specializing in React.js, TypeScript, CSS3, and accessibility. 4 years building responsive SPAs with Node.js backends. Languages: English (native). Additional: dbt, Kafka.",Frontend Developer,holdout
"Backend-focused Software Engineer using C++, Python, and REST APIs. Experience with .NET Core, PostgreSQL, Redis, and Agile/Scrum teams since 2017. Tools: Datadog.",Software Engineer,train
"Full Stack Developer — MERN stack, GraphQL, MongoDB. 3 years end-to-end delivery with React and Express.js on GCP. Additional: Snowflake, GraphQL.",Full Stack Developer,train
"Backend Developer — Node.js, GraphQL, PostgreSQL, Redis. 14+ years designing scalable APIs and event-driven architectures. Certifications: PMP.",Backend Developer,train
"Backend-focused Software Engineer using C++, Python, and REST APIs. Experience with .NET Core, PostgreSQL, Redis, and Agile/Scrum teams since 2023. Additional: dbt.",Software Engineer,train
"UX Designer — 6 years wireframing in Figma, usability testing, and design systems. Portfolio includes mobile and web UI/UX for SaaS products. Additional: Rust, Spark.",UX Designer,train
"ML Engineer deploying models at scale — PyTorch, TensorFlow 2.x, MLOps on Azure. 5+ years in computer vision and NLP production systems. Tools: Datadog.",Machine Learning Engineer,train
"Full Stack Developer — MERN stack, GraphQL, MongoDB. 8 years end-to-end delivery with React and Express.js on GCP. Tools: Confluence. Additional: GraphQL, Kafka.",Full Stack Developer,train
"Backend Developer — Node.js, GraphQL, PostgreSQL, Redis. 12+ years designing scalable APIs and event-driven architectures. Tools: Jira. Additional: GraphQL, Kafka.",Backend Developer,train
"Data Analyst (9 yrs) — SQL, Power BI, Excel, statistical reporting for business units. Experience with Python for automation and dashboarding. Languages: English (native).",Data Analyst,train
"Backend-focused Software Engineer using C++, Python, and REST APIs. Experience with .NET Core, PostgreSQL, Redis, and Agile/Scrum teams since 2019.",Software Engineer,train
"Backend Developer — Node.js, GraphQL, PostgreSQL, Redis. 11+ years designing scalable APIs and event-driven architectures. Certifications: PMP.",Backend Developer,train
"Product Manager with 3 years driving roadmaps, user research, and KPI tracking. Agile ceremonies, Jira, and cross-functional leadership with engineering and design. Additional: Rust, GraphQL.",Product Manager,train
"Data Scientist with 9+ years applying Python 3.8, scikit-learn, and TensorFlow. Built predictive models using Azure and SQL. MS in Statistics. Skills: Pandas, NumPy, TensorFlow 2.x, NLP, data visualization. Languages: English (native).",Data Scientist,train
"Backend-focused Software Engineer using C++, Python, and REST APIs. Experience with .NET Core, PostgreSQL, Redis, and Agile/Scrum teams since 2019. Certifications: CKA.",Software Engineer,train
"Career profile — Frontend Developer specializing in React.js, TypeScript, CSS3, and accessibility. 8 years building responsive SPAs with Node.js backends. Tools: Confluence. Additional: Kafka, Rust.",Frontend Developer,holdout
"Full Stack Developer — MERN stack, GraphQL, MongoDB. 14 years end-to-end delivery with React and Express.js on GCP. Tools: Confluence. Additional: GraphQL, Spark.",Full Stack Developer,train
"Full Stack Developer — MERN stack, GraphQL, MongoDB. 11 years end-to-end delivery with React and Express.js on AWS. Languages: English (native).",Full Stack Developer,train
"Frontend Developer specializing in React.js, TypeScript, CSS3, and accessibility. 14 years building responsive SPAs with Node.js backends.",Frontend Developer,train
"Senior Data Scientist — 6 years in ML pipelines, A/B testing, and stakeholder reporting. Proficient in Python 3.10, PyTorch, Spark, and Tableau. PhD coursework in machine learning. Additional: GraphQL, dbt.",Data Scientist,train
"ML Engineer deploying models at scale — PyTorch, TensorFlow 2.x, MLOps on Azure. 6+ years in computer vision and NLP production systems.",Machine Learning Engineer,train
"Product Manager with 8 years driving roadmaps, user research, and KPI tracking. Agile ceremonies, Jira, and cross-functional leadership with engineering and design. Languages: English (native). Additional: Spark, dbt.",Product Manager,train
"Software Engineer (7+ yrs) — Java 12, Spring Boot, microservices on Azure. CI/CD with Jenkins, Docker, Kubernetes. BS Computer Science. Certifications: CKA. Additional: dbt.",Software Engineer,train
"Frontend Developer specializing in React.js, TypeScript, CSS3, and accessibility. 9 years building responsive SPAs with Node.js backends. Languages: Spanish (professional). Additional: Airflow.",Frontend Developer,train
"Frontend Developer specializing in React.js, TypeScript, CSS3, and accessibility. 2 years building responsive SPAs with Node.js backends. Additional: Kafka.",Frontend Developer,train
"Backend Developer — Node.js, GraphQL, PostgreSQL, Redis. 11+ years designing scalable APIs and event-driven architectures. Tools: Confluence. Additional: Airflow, GraphQL.",Backend Developer,train
"DevOps Engineer — 12+ years: Terraform, Kubernetes, AWS, CI/CD, monitoring. Automated deployments with Docker and Python scripting. Languages: Spanish (professional). Additional: GraphQL, Kafka.",DevOps Engineer,train
"Backend-focused Software Engineer using C++, Python, and REST APIs. Experience with .NET Core, PostgreSQL, Redis, and Agile/Scrum teams since 2019. Tools: Jira. Additional: Snowflake.",Software Engineer,train
"Frontend Developer specializing in React.js, TypeScript, CSS3, and accessibility. 5 years building responsive SPAs with Node.js backends. Languages: English (native). Additional: Rust.",Frontend Developer,train
"DevOps Engineer — 2+ years: Terraform, Kubernetes, AWS, CI/CD, monitoring. Automated deployments with Docker and Python scripting.",DevOps Engineer,train
"Product Manager with 8 years driving roadmaps, user research, and KPI tracking. Agile ceremonies, Jira, and cross-functional leadership with engineering and design. Additional: Rust.",Product Manager,train
"Career profile — Backend Developer — Node.js, GraphQL, PostgreSQL, Redis. 13+ years designing scalable APIs and event-driven architectures. Tools: Jira.",Backend Developer,holdout
"Frontend Developer specializing in React.js, TypeScript, CSS3, and accessibility. 13 years building responsive SPAs with Node.js backends. Certifications: AWS Certified. Additional: Snowflake.",Frontend Developer,train
"Career profile — Full Stack Developer — MERN stack, GraphQL, MongoDB. 8 years end-to-end delivery with React and Express.js on GCP. Tools: Confluence.",Full Stack Developer,holdout
"Senior Data Scientist — 9 years in ML pipelines, A/B testing, and stakeholder reporting. Proficient in Python 3.9, PyTorch, Spark, and Tableau. PhD coursework in machine learning. Certifications: AWS Certified.",Data Scientist,train
"Career profile — Frontend Developer specializing in React.js, TypeScript, CSS3, and accessibility. 11 years building responsive SPAs with Node.js backends. Tools: Jira.",Frontend Developer,holdout
"Candidate overview | ML Engineer deploying models at scale — PyTorch, TensorFlow 2.x, MLOps on GCP. 4+ years in computer vision and NLP production systems. Languages: Spanish (professional). Additional: Snowflake, Kafka.",Machine Learning Engineer,holdout
"Backend-focused Software Engineer using C++, Python, and REST APIs. Experience with .NET Core, PostgreSQL, Redis, and Agile/Scrum teams since 2013. Certifications: PMP.",Software Engineer,train
"Backend-focused Software Engineer using C++, Python, and REST APIs. Experience with .NET Core, PostgreSQL, Redis, and Agile/Scrum teams since 2014.",Software Engineer,train
"Career profile — DevOps Engineer — 6+ years: Terraform, Kubernetes, AWS, CI/CD, monitoring. Automated deployments with Docker and Python scripting. Additional: GraphQL.",DevOps Engineer,holdout
"Backend Developer — Node.js, GraphQL, PostgreSQL, Redis. 9+ years designing scalable APIs and event-driven architectures. Languages: English (native). Additional: Kafka.",Backend Developer,train
"Career profile — Backend Developer — Node.js, GraphQL, PostgreSQL, Redis. 11+ years designing scalable APIs and event-driven architectures. Tools: Datadog. Additional: Snowflake.",Backend Developer,holdout
"Frontend Developer specializing in React.js, TypeScript, CSS3, and accessibility. 3 years building responsive SPAs with Node.js backends. Additional: Rust.",Frontend Developer,train
"Senior Data Scientist — 14 years in ML pipelines, A/B testing, and stakeholder reporting. Proficient in Python 3.11, PyTorch, Spark, and Tableau. PhD coursework in machine learning. Additional: Spark, Snowflake.",Data Scientist,train
"Backend Developer — Node.js, GraphQL, PostgreSQL, Redis. 5+ years designing scalable APIs and event-driven architectures.",Backend Developer,train
"Data Analyst (8 yrs) — SQL, Power BI, Excel, statistical reporting for business units. Experience with Python for automation and dashboarding. Languages: English (native).",Data Analyst,train
"Professional summary: Full Stack Developer — MERN stack, GraphQL, MongoDB. 9 years end-to-end delivery with React and Express.js on Azure. Certifications: AWS Certified. Additional: Rust.",Full Stack Developer,holdout
"Career profile — Senior Data Scientist — 10 years in ML pipelines, A/B testing, and stakeholder reporting. Proficient in Python 3.11, PyTorch, Spark, and Tableau. PhD coursework in machine learning. Languages: Spanish (professional). Additional: Rust.",Data Scientist,holdout
"Software Engineer (11+ yrs) — Java 12, Spring Boot, microservices on AWS. CI/CD with Jenkins, Docker, Kubernetes. BS Computer Science. Languages: English (native).",Software Engineer,train
"Software Engineer (5+ yrs) — Java 12, Spring Boot, microservices on Azure. CI/CD with Jenkins, Docker, Kubernetes. BS Computer Science.",Software Engineer,train
"Software Engineer (6+ yrs) — Java 11, Spring Boot, microservices on Azure. CI/CD with Jenkins, Docker, Kubernetes. BS Computer Science. Tools: Confluence.",Software Engineer,train
"Backend-focused Software Engineer using C++, Python, and REST APIs. Experience with .NET Core, PostgreSQL, Redis, and Agile/Scrum teams since 2018. Languages: Spanish (professional).",Software Engineer,train
"Backend-focused Software Engineer using C++, Python, and REST APIs. Experience with .NET Core, PostgreSQL, Redis, and Agile/Scrum teams since 2012. Additional: Kafka, Snowflake.",Software Engineer,train
"Full Stack Developer — MERN stack, GraphQL, MongoDB. 5 years end-to-end delivery with React and Express.js on GCP. Tools: Jira. Additional: dbt, Spark.",Full Stack Developer,train
"Professional summary: Senior Data Scientist — 7 years in ML pipelines, A/B testing, and stakeholder reporting. Proficient in Python 3.10, PyTorch, Spark, and Tableau. PhD coursework in machine learning. Languages: English (native). Additional: Kafka.",Data Scientist,holdout
"Frontend Developer specializing in React.js, TypeScript, CSS3, and accessibility. 9 years building responsive SPAs with Node.js backends. Certifications: PMP. Additional: Rust, dbt.",Frontend Developer,train
"Full Stack Developer — MERN stack, GraphQL, MongoDB. 6 years end-to-end delivery with React and Express.js on Azure. Languages: English (native). Additional: Airflow, dbt.",Full Stack Developer,train
"Professional summary: Software Engineer (4+ yrs) — Java 15, Spring Boot, microservices on Azure. CI/CD with Jenkins, Docker, Kubernetes. BS Computer Science. Languages: Spanish (professional). Additional: Airflow, Snowflake.",Software Engineer,holdout
"UX Designer — 12 years wireframing in Figma, usability testing, and design systems. Portfolio includes mobile and web UI/UX for SaaS products. Languages: English (native). Additional: GraphQL, Spark.",UX Designer,train
"Full Stack Developer — MERN stack, GraphQL, MongoDB. 9 years end-to-end delivery with React and Express.js on AWS. Certifications: PMP. Additional: Spark, GraphQL.",Full Stack Developer,train
"Product Manager with 5 years driving roadmaps, user research, and KPI tracking. Agile ceremonies, Jira, and cross-functional leadership with engineering and design. Certifications: PMP. Additional: Kafka.",Product Manager,train
"Career profile — Backend Developer — Node.js, GraphQL, PostgreSQL, Redis. 5+ years designing scalable APIs and event-driven architectures. Certifications: PMP. Additional: Spark.",Backend Developer,holdout
"Backend Developer — Node.js, GraphQL, PostgreSQL, Redis. 3+ years designing scalable APIs and event-driven architectures. Tools: Confluence. Additional: Rust.",Backend Developer,train
"Professional summary: Product Manager with 3 years driving roadmaps, user research, and KPI tracking. Agile ceremonies, Jira, and cross-functional leadership with engineering and design. Additional: Kafka, Rust.",Product Manager,holdout
"Backend Developer — Node.js, GraphQL, PostgreSQL, Redis. 7+ years designing scalable APIs and event-driven architectures. Additional: Snowflake.",Backend Developer,train
"Data Analyst (12 yrs) — SQL, Power BI, Excel, statistical reporting for business units. Experience with Python for automation and dashboarding. Languages: Spanish (professional). Additional: GraphQL, Snowflake.",Data Analyst,train
"Candidate overview | Backend-focused Software Engineer using C++, Python, and REST APIs. Experience with .NET Core, PostgreSQL, Redis, and Agile/Scrum teams since 2021. Languages: English (native). Additional: Airflow, Kafka.",Software Engineer,holdout
"Product Manager with 3 years driving roadmaps, user research, and KPI tracking. Agile ceremonies, Jira, and cross-functional leadership with engineering and design. Languages: English (native). Additional: Airflow, Spark.",Product Manager,train
"Frontend Developer specializing in React.js, TypeScript, CSS3, and accessibility. 5 years building responsive SPAs with Node.js backends. Certifications: AWS Certified.",Frontend Developer,train
"Product Manager with 8 years driving roadmaps, user research, and KPI tracking. Agile ceremonies, Jira, and cross-functional leadership with engineering and design. Tools: Confluence. Additional: Kafka.",Product Manager,train
"Full Stack Developer — MERN stack, GraphQL, MongoDB. 13 years end-to-end delivery with React and Express.js on AWS. Additional: Spark, Rust.",Full Stack Developer,train
"Career profile — Backend Developer — Node.js, GraphQL, PostgreSQL, Redis. 11+ years designing scalable APIs and event-driven architectures. Additional: Airflow.",Backend Developer,holdout
"Professional summary: Backend Developer — Node.js, GraphQL, PostgreSQL, Redis. 2+ years designing scalable APIs and event-driven architectures. Certifications: PMP. Additional: Rust.",Backend Developer,holdout
"Backend Developer — Node.js, GraphQL, PostgreSQL, Redis. 8+ years designing scalable APIs and event-driven architectures. Tools: Datadog. Additional: Spark, Rust.",Backend Developer,train
"Data Scientist with 6+ years applying Python 3.10, scikit-learn, and PyTorch. Built predictive models using AWS and SQL. MS in Statistics. Skills: Pandas, NumPy, TensorFlow 2.x, NLP, data visualization.",Data Scientist,train
"Professional summary: ML Engineer deploying models at scale — PyTorch, TensorFlow 2.x, MLOps on GCP. 12+ years in computer vision and NLP production systems.",Machine Learning Engineer,holdout
"Software Engineer (2+ yrs) — Java 21, Spring Boot, microservices on Azure. CI/CD with Jenkins, Docker, Kubernetes. BS Computer Science. Languages: English (native).",Software Engineer,train
"Data Scientist with 2+ years applying Python 3.8, scikit-learn, and TensorFlow. Built predictive models using AWS and SQL. MS in Statistics. Skills: Pandas, NumPy, TensorFlow 2.x, NLP, data visualization.",Data Scientist,train
"Senior Data Scientist — 4 years in ML pipelines, A/B testing, and stakeholder reporting. Proficient in Python 3.10, PyTorch, Spark, and Tableau. PhD coursework in machine learning. Certifications: CKA. Additional: Spark, Snowflake.",Data Scientist,train
"ML Engineer deploying models at scale — PyTorch, TensorFlow 2.x, MLOps on AWS. 6+ years in computer vision and NLP production systems. Certifications: CKA.",Machine Learning Engineer,train
"Professional summary: Software Engineer (10+ yrs) — Java 21, Spring Boot, microservices on Azure. CI/CD with Jenkins, Docker, Kubernetes. BS Computer Science. Languages: English (native). Additional: Airflow, Kafka.",Software Engineer,holdout
"UX Designer — 11 years wireframing in Figma, usability testing, and design systems. Portfolio includes mobile and web UI/UX for SaaS products. Languages: English (native).",UX Designer,train
"Backend Developer — Node.js, GraphQL, PostgreSQL, Redis. 2+ years designing scalable APIs and event-driven architectures. Tools: Datadog.",Backend Developer,train
"Full Stack Developer — MERN stack, GraphQL, MongoDB. 12 years end-to-end delivery with React and Express.js on AWS. Certifications: AWS Certified.",Full Stack Developer,train
"DevOps Engineer — 2+ years: Terraform, Kubernetes, AWS, CI/CD, monitoring. Automated deployments with Docker and Python scripting. Languages: Spanish (professional). Additional: dbt.",DevOps Engineer,train
"Software Engineer (11+ yrs) — Java 16, Spring Boot, microservices on AWS. CI/CD with Jenkins, Docker, Kubernetes. BS Computer Science. Certifications: AWS Certified.",Software Engineer,train
"Backend Developer — Node.js, GraphQL, PostgreSQL, Redis. 14+ years designing scalable APIs and event-driven architectures. Languages: English (native).",Backend Developer,train
"DevOps Engineer — 3+ years: Terraform, Kubernetes, AWS, CI/CD, monitoring. Automated deployments with Docker and Python scripting. Tools: Jira. Additional: Spark, Airflow.",DevOps Engineer,train
"Frontend Developer specializing in React.js, TypeScript, CSS3, and accessibility. 9 years building responsive SPAs with Node.js backends. Languages: English (native). Additional: GraphQL.",Frontend Developer,train
"Data Analyst (12 yrs) — SQL, Power BI, Excel, statistical reporting for business units. Experience with Python for automation and dashboarding. Certifications: AWS Certified. Additional: Spark, Rust.",Data Analyst,train
"Candidate overview | Data Analyst (14 yrs) — SQL, Power BI, Excel, statistical reporting for business units. Experience with Python for automation and dashboarding. Additional: Airflow.",Data Analyst,holdout
"Backend-focused Software Engineer using C++, Python, and REST APIs. Experience with .NET Core, PostgreSQL, Redis, and Agile/Scrum teams since 2017. Certifications: AWS Certified. Additional: Airflow.",Software Engineer,train
"Software Engineer (4+ yrs) — Java 16, Spring Boot, microservices on GCP. CI/CD with Jenkins, Docker, Kubernetes. BS Computer Science. Languages: Spanish (professional).",Software Engineer,train
"Frontend Developer specializing in React.js, TypeScript, CSS3, and accessibility. 9 years building responsive SPAs with Node.js backends. Tools: Datadog. Additional: GraphQL, Spark.",Frontend Developer,train
"Professional summary: Software Engineer (11+ yrs) — Java 9, Spring Boot, microservices on GCP. CI/CD with Jenkins, Docker, Kubernetes. BS Computer Science. Certifications: CKA. Additional: Snowflake.",Software Engineer,holdout
"Professional summary: UX Designer — 9 years wireframing in Figma, usability testing, and design systems. Portfolio includes mobile and web UI/UX for SaaS products. Additional: Kafka, GraphQL.",UX Designer,holdout
"Backend Developer — Node.js, GraphQL, PostgreSQL, Redis. 3+ years designing scalable APIs and event-driven architectures.",Backend Developer,train
"Candidate overview | Backend-focused Software Engineer using C++, Python, and REST APIs. Experience with .NET Core, PostgreSQL, Redis, and Agile/Scrum teams since 2016. Certifications: PMP. Additional: GraphQL.",Software Engineer,holdout
"Frontend Developer specializing in React.js, TypeScript, CSS3, and accessibility. 13 years building responsive SPAs with Node.js backends. Certifications: AWS Certified. Additional: GraphQL.",Frontend Developer,train
"Backend Developer — Node.js, GraphQL, PostgreSQL, Redis. 5+ years designing scalable APIs and event-driven architectures. Certifications: PMP.",Backend Developer,train
"Backend Developer — Node.js, GraphQL, PostgreSQL, Redis. 11+ years designing scalable APIs and event-driven architectures. Tools: Datadog.",Backend Developer,train
"ML Engineer deploying models at scale — PyTorch, TensorFlow 2.x, MLOps on GCP. 11+ years in computer vision and NLP production systems. Tools: Confluence. Additional: Spark, Snowflake.",Machine Learning Engineer,train
"Data Analyst (10 yrs) — SQL, Power BI, Excel, statistical reporting for business units. Experience with Python for automation and dashboarding. Tools: Confluence.",Data Analyst,train
"Senior Data Scientist — 2 years in ML pipelines, A/B testing, and stakeholder reporting. Proficient in Python 3.8, PyTorch, Spark, and Tableau. PhD coursework in machine learning. Tools: Confluence. Additional: Kafka, GraphQL.",Data Scientist,train
"Career profile — DevOps Engineer — 12+ years: Terraform, Kubernetes, AWS, CI/CD, monitoring. Automated deployments with Docker and Python scripting. Certifications: PMP. Additional: Rust.",DevOps Engineer,holdout
"Professional summary: ML Engineer deploying models at scale — PyTorch, TensorFlow 2.x, MLOps on GCP. 10+ years in computer vision and NLP production systems.",Machine Learning Engineer,holdout
"Professional summary: ML Engineer deploying models at scale — PyTorch, TensorFlow 2.x, MLOps on AWS. 13+ years in computer vision and NLP production systems. Languages: Spanish (professional).",Machine Learning Engineer,holdout
"Frontend Developer specializing in React.js, TypeScript, CSS3, and accessibility. 4 years building responsive SPAs with Node.js backends.",Frontend Developer,train
"Frontend Developer specializing in React.js, TypeScript, CSS3, and accessibility. 8 years building responsive SPAs with Node.js backends. Languages: English (native).",Frontend Developer,train
"ML Engineer deploying models at scale — PyTorch, TensorFlow 2.x, MLOps on Azure. 2+ years in computer vision and NLP production systems. Languages: English (native). Additional: dbt.",Machine Learning Engineer,train
"Backend Developer — Node.js, GraphQL, PostgreSQL, Redis. 4+ years designing scalable APIs and event-driven architectures. Certifications: CKA. Additional: Snowflake, Kafka.",Backend Developer,train
"Professional summary: ML Engineer deploying models at scale — PyTorch, TensorFlow 2.x, MLOps on AWS. 4+ years in computer vision and NLP production systems. Certifications: AWS Certified. Additional: Airflow.",Machine Learning Engineer,holdout
"Full Stack Developer — MERN stack, GraphQL, MongoDB. 7 years end-to-end delivery with React and Express.js on AWS. Languages: English (native). Additional: dbt, Kafka.",Full Stack Developer,train
"Product Manager with 3 years driving roadmaps, user research, and KPI tracking. Agile ceremonies, Jira, and cross-functional leadership with engineering and design. Tools: Datadog. Additional: Kafka.",Product Manager,train
"Backend-focused Software Engineer using C++, Python, and REST APIs. Experience with .NET Core, PostgreSQL, Redis, and Agile/Scrum teams since 2018. Certifications: CKA.",Software Engineer,train
"DevOps Engineer — 4+ years: Terraform, Kubernetes, AWS, CI/CD, monitoring. Automated deployments with Docker and Python scripting. Certifications: CKA. Additional: Kafka, Airflow.",DevOps Engineer,train
"Frontend Developer specializing in React.js, TypeScript, CSS3, and accessibility. 8 years building responsive SPAs with Node.js backends. Certifications: PMP. Additional: dbt, Snowflake.",Frontend Developer,train
"Professional summary: Software Engineer (10+ yrs) — Java 10, Spring Boot, microservices on AWS. CI/CD with Jenkins, Docker, Kubernetes. BS Computer Science. Certifications: PMP.",Software Engineer,holdout
"ML Engineer deploying models at scale — PyTorch, TensorFlow 2.x, MLOps on AWS. 5+ years in computer vision and NLP production systems. Additional: Snowflake.",Machine Learning Engineer,train
"Data Scientist with 10+ years applying Python 3.8, scikit-learn, and XGBoost. Built predictive models using GCP and SQL. MS in Statistics. Skills: Pandas, NumPy, TensorFlow 2.x, NLP, data visualization. Certifications: AWS Certified.",Data Scientist,train
"Software Engineer (7+ yrs) — Java 16, Spring Boot, microservices on GCP. CI/CD with Jenkins, Docker, Kubernetes. BS Computer Science. Certifications: CKA. Additional: Kafka.",Software Engineer,train
"Frontend Developer specializing in React.js, TypeScript, CSS3, and accessibility. 2 years building responsive SPAs with Node.js backends. Languages: English (native). Additional: Snowflake.",Frontend Developer,train
"Backend Developer — Node.js, GraphQL, PostgreSQL, Redis. 11+ years designing scalable APIs and event-driven architectures. Additional: GraphQL.",Backend Developer,train
"UX Designer — 6 years wireframing in Figma, usability testing, and design systems. Portfolio includes mobile and web UI/UX for SaaS products. Languages: English (native). Additional: Snowflake.",UX Designer,train
"Data Scientist with 6+ years applying Python 3.11, scikit-learn, and PyTorch. Built predictive models using AWS and SQL. MS in Statistics. Skills: Pandas, NumPy, TensorFlow 2.x, NLP, data visualization. Additional: Snowflake, Rust.",Data Scientist,train
"Full Stack Developer — MERN stack, GraphQL, MongoDB. 3 years end-to-end delivery with React and Express.js on AWS. Additional: GraphQL.",Full Stack Developer,train
"Software Engineer (3+ yrs) — Java 15, Spring Boot, microservices on Azure. CI/CD with Jenkins, Docker, Kubernetes. BS Computer Science. Tools: Jira. Additional: Snowflake.",Software Engineer,train
"Backend Developer — Node.js, GraphQL, PostgreSQL, Redis. 13+ years designing scalable APIs and event-driven architectures. Additional: Kafka, Snowflake.",Backend Developer,train
"Full Stack Developer — MERN stack, GraphQL, MongoDB. 12 years end-to-end delivery with React and Express.js on GCP. Tools: Datadog.",Full Stack Developer,train
"Frontend Developer specializing in React.js, TypeScript, CSS3, and accessibility. 9 years building responsive SPAs with Node.js backends. Languages: English (native). Additional: Snowflake.",Frontend Developer,train
"Full Stack Developer — MERN stack, GraphQL, MongoDB. 9 years end-to-end delivery with React and Express.js on GCP. Certifications: PMP. Additional: Airflow.",Full Stack Developer,train
"Software Engineer (6+ yrs) — Java 16, Spring Boot, microservices on AWS. CI/CD with Jenkins, Docker, Kubernetes. BS Computer Science.",Software Engineer,train
"Backend Developer — Node.js, GraphQL, PostgreSQL, Redis. 6+ years designing scalable APIs and event-driven architectures. Languages: English (native).",Backend Developer,train
"Career profile — Backend-focused Software Engineer using C++, Python, and REST APIs. Experience with .NET Core, PostgreSQL, Redis, and Agile/Scrum teams since 2012. Certifications: CKA. Additional: Rust, GraphQL.",Software Engineer,holdout
"Full Stack Developer — MERN stack, GraphQL, MongoDB. 2 years end-to-end delivery with React and Express.js on AWS. Additional: Snowflake.",Full Stack Developer,train
"Data Analyst (11 yrs) — SQL, Power BI, Excel, statistical reporting for business units. Experience with Python for automation and dashboarding. Additional: dbt, Snowflake.",Data Analyst,train
"Full Stack Developer — MERN stack, GraphQL, MongoDB. 14 years end-to-end delivery with React and Express.js on Azure. Tools: Confluence. Additional: dbt.",Full Stack Developer,train
"Senior Data Scientist — 2 years in ML pipelines, A/B testing, and stakeholder reporting. Proficient in Python 3.11, PyTorch, Spark, and Tableau. PhD coursework in machine learning. Tools: Datadog.",Data Scientist,train
"Frontend Developer specializing in React.js, TypeScript, CSS3, and accessibility. 9 years building responsive SPAs with Node.js backends. Additional: Spark.",Frontend Developer,train
"Professional summary: Full Stack Developer — MERN stack, GraphQL, MongoDB. 2 years end-to-end delivery with React and Express.js on Azure. Languages: Spanish (professional). Additional: Snowflake.",Full Stack Developer,holdout
"Candidate overview | Backend Developer — Node.js, GraphQL, PostgreSQL, Redis. 14+ years designing scalable APIs and event-driven architectures. Certifications: AWS Certified. Additional: Airflow, Spark.",Backend Developer,holdout
"Frontend Developer specializing in React.js, TypeScript, CSS3, and accessibility. 5 years building responsive SPAs with Node.js backends. Additional: Kafka.",Frontend Developer,train
"DevOps Engineer — 11+ years: Terraform, Kubernetes, AWS, CI/CD, monitoring. Automated deployments with Docker and Python scripting. Certifications: AWS Certified. Additional: GraphQL, Kafka.",DevOps Engineer,train
"Software Engineer (10+ yrs) — Java 11, Spring Boot, microservices on GCP. CI/CD with Jenkins, Docker, Kubernetes. BS Computer Science. Languages: English (native).",Software Engineer,train
"Candidate overview | DevOps Engineer — 7+ years: Terraform, Kubernetes, AWS, CI/CD, monitoring. Automated deployments with Docker and Python scripting. Certifications: AWS Certified. Additional: dbt.",DevOps Engineer,holdout
"Frontend Developer specializing in React.js, TypeScript, CSS3, and accessibility. 3 years building responsive SPAs with Node.js backends. Languages: Spanish (professional).",Frontend Developer,train
"Candidate overview | Backend Developer — Node.js, GraphQL, PostgreSQL, Redis. 6+ years designing scalable APIs and event-driven architectures. Certifications: CKA. Additional: Snowflake, Kafka.",Backend Developer,holdout
"Full Stack Developer — MERN stack, GraphQL, MongoDB. 2 years end-to-end delivery with React and Express.js on AWS. Tools: Datadog. Additional: Airflow.",Full Stack Developer,train
"Professional summary: Senior Data Scientist — 12 years in ML pipelines, A/B testing, and stakeholder reporting. Proficient in Python 3.11, PyTorch, Spark, and Tableau. PhD coursework in machine learning. Languages: Spanish (professional). Additional: Snowflake.",Data Scientist,holdout
"Backend-focused Software Engineer using C++, Python, and REST APIs. Experience with .NET Core, PostgreSQL, Redis, and Agile/Scrum teams since 2012. Languages: Spanish (professional). Additional: Airflow.",Software Engineer,train
"Data Scientist with 13+ years applying Python 3.9, scikit-learn, and TensorFlow. Built predictive models using GCP and SQL. MS in Statistics. Skills: Pandas, NumPy, TensorFlow 2.x, NLP, data visualization. Additional: Airflow, Rust.",Data Scientist,train
"Backend-focused Software Engineer using C++, Python, and REST APIs. Experience with .NET Core, PostgreSQL, Redis, and Agile/Scrum teams since 2021. Certifications: CKA.",Software Engineer,train
"Data Analyst (10 yrs) — SQL, Power BI, Excel, statistical reporting for business units. Experience with Python for automation and dashboarding.",Data Analyst,train
"ML Engineer deploying models at scale — PyTorch, TensorFlow 2.x, MLOps on GCP. 10+ years in computer vision and NLP production systems.",Machine Learning Engineer,train
"Senior Data Scientist — 12 years in ML pipelines, A/B testing, and stakeholder reporting. Proficient in Python 3.11, PyTorch, Spark, and Tableau. PhD coursework in machine learning. Certifications: CKA. Additional: GraphQL.",Data Scientist,train
"DevOps Engineer — 4+ years: Terraform, Kubernetes, AWS, CI/CD, monitoring. Automated deployments with Docker and Python scripting. Tools: Datadog.",DevOps Engineer,train
"Backend-focused Software Engineer using C++, Python, and REST APIs. Experience with .NET Core, PostgreSQL, Redis, and Agile/Scrum teams since 2013. Tools: Confluence. Additional: Airflow.",Software Engineer,train
"Professional summary: Backend Developer — Node.js, GraphQL, PostgreSQL, Redis. 3+ years designing scalable APIs and event-driven architectures. Additional: Airflow.",Backend Developer,holdout
"Senior Data Scientist — 10 years in ML pipelines, A/B testing, and stakeholder reporting. Proficient in Python 3.8, PyTorch, Spark, and Tableau. PhD coursework in machine learning. Languages: English (native). Additional: Snowflake, Kafka.",Data Scientist,train
"ML Engineer deploying models at scale — PyTorch, TensorFlow 2.x, MLOps on GCP. 8+ years in computer vision and NLP production systems. Certifications: CKA. Additional: GraphQL, Rust.",Machine Learning Engineer,train
"ML Engineer deploying models at scale — PyTorch, TensorFlow 2.x, MLOps on AWS. 6+ years in computer vision and NLP production systems. Certifications: AWS Certified. Additional: Spark, Kafka.",Machine Learning Engineer,train
"Candidate overview | Backend-focused Software Engineer using C++, Python, and REST APIs. Experience with .NET Core, PostgreSQL, Redis, and Agile/Scrum teams since 2023. Tools: Datadog. Additional: Airflow.",Software Engineer,holdout
"Data Scientist with 10+ years applying Python 3.9, scikit-learn, and XGBoost. Built predictive models using GCP and SQL. MS in Statistics. Skills: Pandas, NumPy, TensorFlow 2.x, NLP, data visualization.",Data Scientist,train
"Full Stack Developer — MERN stack, GraphQL, MongoDB. 6 years end-to-end delivery with React and Express.js on GCP. Tools: Datadog. Additional: Rust, dbt.",Full Stack Developer,train
"UX Designer — 14 years wireframing in Figma, usability testing, and design systems. Portfolio includes mobile and web UI/UX for SaaS products. Languages: English (native). Additional: dbt, Airflow.",UX Designer,train
"DevOps Engineer — 14+ years: Terraform, Kubernetes, AWS, CI/CD, monitoring. Automated deployments with Docker and Python scripting. Certifications: CKA.",DevOps Engineer,train
"DevOps Engineer — 3+ years: Terraform, Kubernetes, AWS, CI/CD, monitoring. Automated deployments with Docker and Python scripting. Languages: Spanish (professional). Additional: Airflow.",DevOps Engineer,train
"Candidate overview | Data Scientist with 10+ years applying Python 3.11, scikit-learn, and PyTorch. Built predictive models using Azure and SQL. MS in Statistics. Skills: Pandas, NumPy, TensorFlow 2.x, NLP, data visualization. Additional: Kafka, Snowflake.",Data Scientist,holdout
"ML Engineer deploying models at scale — PyTorch, TensorFlow 2.x, MLOps on Azure. 12+ years in computer vision and NLP production systems. Tools: Confluence. Additional: Snowflake.",Machine Learning Engineer,train
"Backend Developer — Node.js, GraphQL, PostgreSQL, Redis. 12+ years designing scalable APIs and event-driven architectures. Languages: Spanish (professional).",Backend Developer,train
"ML Engineer deploying models at scale — PyTorch, TensorFlow 2.x, MLOps on Azure. 12+ years in computer vision and NLP production systems. Languages: English (native). Additional: GraphQL, Kafka.",Machine Learning Engineer,train
"DevOps Engineer — 7+ years: Terraform, Kubernetes, AWS, CI/CD, monitoring. Automated deployments with Docker and Python scripting. Languages: Spanish (professional). Additional: GraphQL.",DevOps Engineer,train
"Data Analyst (3 yrs) — SQL, Power BI, Excel, statistical reporting for business units. Experience with Python for automation and dashboarding. Tools: Jira. Additional: Snowflake, GraphQL.",Data Analyst,train
"Full Stack Developer — MERN stack, GraphQL, MongoDB. 3 years end-to-end delivery with React and Express.js on GCP. Languages: English (native).",Full Stack Developer,train
"DevOps Engineer — 10+ years: Terraform, Kubernetes, AWS, CI/CD, monitoring. Automated deployments with Docker and Python scripting. Tools: Datadog.",DevOps Engineer,train
"Career profile — DevOps Engineer — 12+ years: Terraform, Kubernetes, AWS, CI/CD, monitoring. Automated deployments with Docker and Python scripting. Tools: Datadog. Additional: Rust.",DevOps Engineer,holdout
"Senior Data Scientist — 11 years in ML pipelines, A/B testing, and stakeholder reporting. Proficient in Python 3.11, PyTorch, Spark, and Tableau. PhD coursework in machine learning. Languages: English (native).",Data Scientist,train
"Software Engineer (9+ yrs) — Java 15, Spring Boot, microservices on Azure. CI/CD with Jenkins, Docker, Kubernetes. BS Computer Science. Certifications: AWS Certified.",Software Engineer,train
"Frontend Developer specializing in React.js, TypeScript, CSS3, and accessibility. 9 years building responsive SPAs with Node.js backends. Certifications: CKA.",Frontend Developer,train
"Backend Developer — Node.js, GraphQL, PostgreSQL, Redis. 8+ years designing scalable APIs and event-driven architectures. Tools: Confluence.",Backend Developer,train
"Backend-focused Software Engineer using C++, Python, and REST APIs. Experience with .NET Core, PostgreSQL, Redis, and Agile/Scrum teams since 2014. Languages: English (native). Additional: dbt.",Software Engineer,train
"Backend-focused Software Engineer using C++, Python, and REST APIs. Experience with .NET Core, PostgreSQL, Redis, and Agile/Scrum teams since 2014. Certifications: PMP.",Software Engineer,train
"Career profile — Backend-focused Software Engineer using C++, Python, and REST APIs. Experience with .NET Core, PostgreSQL, Redis, and Agile/Scrum teams since 2015. Languages: Spanish (professional).",Software Engineer,holdout
"Backend Developer — Node.js, GraphQL, PostgreSQL, Redis. 10+ years designing scalable APIs and event-driven architectures. Languages: Spanish (professional). Additional: GraphQL.",Backend Developer,train
"Backend Developer — Node.js, GraphQL, PostgreSQL, Redis. 9+ years designing scalable APIs and event-driven architectures. Certifications: CKA.",Backend Developer,train
"Frontend Developer specializing in React.js, TypeScript, CSS3, and accessibility. 11 years building responsive SPAs with Node.js backends. Tools: Jira.",Frontend Developer,train
"Professional summary: DevOps Engineer — 11+ years: Terraform, Kubernetes, AWS, CI/CD, monitoring. Automated deployments with Docker and Python scripting. Languages: Spanish (professional). Additional: Snowflake, GraphQL.",DevOps Engineer,holdout
"Backend Developer — Node.js, GraphQL, PostgreSQL, Redis. 4+ years designing scalable APIs and event-driven architectures. Additional: GraphQL, Snowflake.",Backend Developer,train
"Backend-focused Software Engineer using C++, Python, and REST APIs. Experience with .NET Core, PostgreSQL, Redis, and Agile/Scrum teams since 2020. Languages: English (native). Additional: Spark, Kafka.",Software Engineer,train
"Professional summary: Backend Developer — Node.js, GraphQL, PostgreSQL, Redis. 10+ years designing scalable APIs and event-driven architectures. Tools: Jira. Additional: dbt.",Backend Developer,holdout
"Backend-focused Software Engineer using C++, Python, and REST APIs. Experience with .NET Core, PostgreSQL, Redis, and Agile/Scrum teams since 2019. Additional: GraphQL.",Software Engineer,train
"ML Engineer deploying models at scale — PyTorch, TensorFlow 2.x, MLOps on GCP. 6+ years in computer vision and NLP production systems. Languages: English (native). Additional: dbt.",Machine Learning Engineer,train
"Frontend Developer specializing in React.js, TypeScript, CSS3, and accessibility. 7 years building responsive SPAs with Node.js backends. Languages: Spanish (professional).",Frontend Developer,train
"ML Engineer deploying models at scale — PyTorch, TensorFlow 2.x, MLOps on AWS. 6+ years in computer vision and NLP production systems. Certifications: PMP. Additional: GraphQL.",Machine Learning Engineer,train
"Backend Developer — Node.js, GraphQL, PostgreSQL, Redis. 12+ years designing scalable APIs and event-driven architectures. Tools: Jira. Additional: Airflow.",Backend Developer,train
"Full Stack Developer — MERN stack, GraphQL, MongoDB. 10 years end-to-end delivery with React and Express.js on GCP. Additional: Rust.",Full Stack Developer,train
"Data Scientist with 14+ years applying Python 3.11, scikit-learn, and XGBoost. Built predictive models using Azure and SQL. MS in Statistics. Skills: Pandas, NumPy, TensorFlow 2.x, NLP, data visualization. Certifications: CKA.",Data Scientist,train
"Full Stack Developer — MERN stack, GraphQL, MongoDB. 9 years end-to-end delivery with React and Express.js on AWS. Additional: dbt, Kafka.",Full Stack Developer,train
"DevOps Engineer — 13+ years: Terraform, Kubernetes, AWS, CI/CD, monitoring. Automated deployments with Docker and Python scripting. Certifications: AWS Certified. Additional: Airflow, Rust.",DevOps Engineer,train
"DevOps Engineer — 8+ years: Terraform, Kubernetes, AWS, CI/CD, monitoring. Automated deployments with Docker and Python scripting. Languages: Spanish (professional).",DevOps Engineer,train
"Data Analyst (3 yrs) — SQL, Power BI, Excel, statistical reporting for business units. Experience with Python for automation and dashboarding. Languages: English (native). Additional: Airflow, GraphQL.",Data Analyst,train
"Frontend Developer specializing in React.js, TypeScript, CSS3, and accessibility. 6 years building responsive SPAs with Node.js backends. Additional: Airflow.",Frontend Developer,train
"Backend Developer — Node.js, GraphQL, PostgreSQL, Redis. 11+ years designing scalable APIs and event-driven architectures. Additional: Snowflake, Airflow.",Backend Developer,train
"Frontend Developer specializing in React.js, TypeScript, CSS3, and accessibility. 8 years building responsive SPAs with Node.js backends. Languages: English (native). Additional: Kafka, GraphQL.",Frontend Developer,train
"Data Analyst (12 yrs) — SQL, Power BI, Excel, statistical reporting for business units. Experience with Python for automation and dashboarding. Languages: English (native). Additional: GraphQL.",Data Analyst,train
"Data Analyst (12 yrs) — SQL, Power BI, Excel, statistical reporting for business units. Experience with Python for automation and dashboarding. Tools: Jira. Additional: GraphQL, Airflow.",Data Analyst,train
"Full Stack Developer — MERN stack, GraphQL, MongoDB. 12 years end-to-end delivery with React and Express.js on Azure. Certifications: AWS Certified.",Full Stack Developer,train
"Software Engineer (4+ yrs) — Java 19, Spring Boot, microservices on Azure. CI/CD with Jenkins, Docker, Kubernetes. BS Computer Science. Tools: Confluence. Additional: Rust, Airflow.",Software Engineer,train
"Software Engineer (2+ yrs) — Java 16, Spring Boot, microservices on AWS. CI/CD with Jenkins, Docker, Kubernetes. BS Computer Science. Additional: Spark.",Software Engineer,train
"Backend Developer — Node.js, GraphQL, PostgreSQL, Redis. 13+ years designing scalable APIs and event-driven architectures. Certifications: AWS Certified. Additional: Rust.",Backend Developer,train
"UX Designer — 9 years wireframing in Figma, usability testing, and design systems. Portfolio includes mobile and web UI/UX for SaaS products. Languages: English (native). Additional: Rust.",UX Designer,train
"Full Stack Developer — MERN stack, GraphQL, MongoDB. 11 years end-to-end delivery with React and Express.js on AWS. Additional: Airflow, GraphQL.",Full Stack Developer,train
"Professional summary: Frontend Developer specializing in React.js, TypeScript, CSS3, and accessibility. 3 years building responsive SPAs with Node.js backends. Tools: Confluence. Additional: Kafka, Spark.",Frontend Developer,holdout
"Frontend Developer specializing in React.js, TypeScript, CSS3, and accessibility. 11 years building responsive SPAs with Node.js backends. Certifications: PMP. Additional: Kafka.",Frontend Developer,train
"ML Engineer deploying models at scale — PyTorch, TensorFlow 2.x, MLOps on AWS. 4+ years in computer vision and NLP production systems.",Machine Learning Engineer,train
"Professional summary: Full Stack Developer — MERN stack, GraphQL, MongoDB. 2 years end-to-end delivery with React and Express.js on AWS. Tools: Jira.",Full Stack Developer,holdout
"Backend Developer — Node.js, GraphQL, PostgreSQL, Redis. 6+ years designing scalable APIs and event-driven architectures. Tools: Jira. Additional: dbt, GraphQL.",Backend Developer,train
"Software Engineer (10+ yrs) — Java 16, Spring Boot, microservices on Azure. CI/CD with Jenkins, Docker, Kubernetes. BS Computer Science. Tools: Datadog. Additional: dbt, Airflow.",Software Engineer,train
"DevOps Engineer — 5+ years: Terraform, Kubernetes, AWS, CI/CD, monitoring. Automated deployments with Docker and Python scripting. Certifications: AWS Certified.",DevOps Engineer,train
"Frontend Developer specializing in React.js, TypeScript, CSS3, and accessibility. 8 years building responsive SPAs with Node.js backends. Certifications: CKA. Additional: Airflow.",Frontend Developer,train
"Full Stack Developer — MERN stack, GraphQL, MongoDB. 6 years end-to-end delivery with React and Express.js on Azure. Tools: Confluence. Additional: Kafka, Rust.",Full Stack Developer,train
"UX Designer — 7 years wireframing in Figma, usability testing, and design systems. Portfolio includes mobile and web UI/UX for SaaS products. Certifications: PMP. Additional: Spark, Snowflake.",UX Designer,train
"Frontend Developer specializing in React.js, TypeScript, CSS3, and accessibility. 6 years building responsive SPAs with Node.js backends. Additional: Snowflake.",Frontend Developer,train
"Software Engineer (11+ yrs) — Java 18, Spring Boot, microservices on AWS. CI/CD with Jenkins, Docker, Kubernetes. BS Computer Science. Languages: Spanish (professional).",Software Engineer,train
"Candidate overview | Backend-focused Software Engineer using C++, Python, and REST APIs. Experience with .NET Core, PostgreSQL, Redis, and Agile/Scrum teams since 2013. Tools: Jira. Additional: GraphQL.",Software Engineer,holdout
"Professional summary: Frontend Developer specializing in React.js, TypeScript, CSS3, and accessibility. 14 years building responsive SPAs with Node.js backends. Tools: Jira.",Frontend Developer,holdout
"Data Scientist with 7+ years applying Python 3.9, scikit-learn, and TensorFlow. Built predictive models using GCP and SQL. MS in Statistics. Skills: Pandas, NumPy, TensorFlow 2.x, NLP, data visualization. Languages: Spanish (professional).",Data Scientist,train
"ML Engineer deploying models at scale — PyTorch, TensorFlow 2.x, MLOps on GCP. 6+ years in computer vision and NLP production systems. Languages: English (native). Additional: Kafka.",Machine Learning Engineer,train
"Professional summary: Backend-focused Software Engineer using C++, Python, and REST APIs. Experience with .NET Core, PostgreSQL, Redis, and Agile/Scrum teams since 2017. Certifications: AWS Certified. Additional: Spark.",Software Engineer,holdout
"Backend-focused Software Engineer using C++, Python, and REST APIs. Experience with .NET Core, PostgreSQL, Redis, and Agile/Scrum teams since 2018. Additional: Kafka, Airflow.",Software Engineer,train
"Backend Developer — Node.js, GraphQL, PostgreSQL, Redis. 7+ years designing scalable APIs and event-driven architectures. Certifications: PMP. Additional: Kafka, Spark.",Backend Developer,train
"Backend-focused Software Engineer using C++, Python, and REST APIs. Experience with .NET Core, PostgreSQL, Redis, and Agile/Scrum teams since 2019. Tools: Confluence. Additional: Airflow, Spark.",Software Engineer,train
"Frontend Developer specializing in React.js, TypeScript, CSS3, and accessibility. 10 years building responsive SPAs with Node.js backends. Tools: Confluence.",Frontend Developer,train
"Product Manager with 13 years driving roadmaps, user research, and KPI tracking. Agile ceremonies, Jira, and cross-functional leadership with engineering and design. Certifications: CKA.",Product Manager,train
"Backend-focused Software Engineer using C++, Python, and REST APIs. Experience with .NET Core, PostgreSQL, Redis, and Agile/Scrum teams since 2016. Certifications: PMP.",Software Engineer,train
"Career profile — DevOps Engineer — 8+ years: Terraform, Kubernetes, AWS, CI/CD, monitoring. Automated deployments with Docker and Python scripting. Languages: English (native). Additional: Airflow, Rust.",DevOps Engineer,holdout
"ML Engineer deploying models at scale — PyTorch, TensorFlow 2.x, MLOps on AWS. 10+ years in computer vision and NLP production systems. Tools: Confluence. Additional: Snowflake, GraphQL.",Machine Learning Engineer,train
"Software Engineer (14+ yrs) — Java 10, Spring Boot, microservices on GCP. CI/CD with Jenkins, Docker, Kubernetes. BS Computer Science. Tools: Jira. Additional: Kafka.",Software Engineer,train
"ML Engineer deploying models at scale — PyTorch, TensorFlow 2.x, MLOps on GCP. 13+ years in computer vision and NLP production systems. Certifications: CKA.",Machine Learning Engineer,train
"Candidate overview | DevOps Engineer — 12+ years: Terraform, Kubernetes, AWS, CI/CD, monitoring. Automated deployments with Docker and Python scripting. Certifications: PMP. Additional: dbt.",DevOps Engineer,holdout
"Backend-focused Software Engineer using C++, Python, and REST APIs. Experience with .NET Core, PostgreSQL, Redis, and Agile/Scrum teams since 2020. Certifications: CKA. Additional: Rust.",Software Engineer,train
"Backend-focused Software Engineer using C++, Python, and REST APIs. Experience with .NET Core, PostgreSQL, Redis, and Agile/Scrum teams since 2020. Certifications: AWS Certified. Additional: Rust.",Software Engineer,train
"ML Engineer deploying models at scale — PyTorch, TensorFlow 2.x, MLOps on Azure. 8+ years in computer vision and NLP production systems. Tools: Jira. Additional: GraphQL, dbt.",Machine Learning Engineer,train
"Data Scientist with 4+ years applying Python 3.11, scikit-learn, and XGBoost. Built predictive models using Azure and SQL. MS in Statistics. Skills: Pandas, NumPy, TensorFlow 2.x, NLP, data visualization. Certifications: AWS Certified. Additional: Spark.",Data Scientist,train
"Product Manager with 5 years driving roadmaps, user research, and KPI tracking. Agile ceremonies, Jira, and cross-functional leadership with engineering and design. Tools: Datadog. Additional: Spark.",Product Manager,train
"Software Engineer (9+ yrs) — Java 15, Spring Boot, microservices on GCP. CI/CD with Jenkins, Docker, Kubernetes. BS Computer Science. Tools: Jira. Additional: Kafka.",Software Engineer,train
"Data Scientist with 14+ years applying Python 3.11, scikit-learn, and XGBoost. Built predictive models using Azure and SQL. MS in Statistics. Skills: Pandas, NumPy, TensorFlow 2.x, NLP, data visualization. Additional: Airflow, Spark.",Data Scientist,train
"Frontend Developer specializing in React.js, TypeScript, CSS3, and accessibility. 11 years building responsive SPAs with Node.js backends.",Frontend Developer,train
"Frontend Developer specializing in React.js, TypeScript, CSS3, and accessibility. 8 years building responsive SPAs with Node.js backends. Certifications: CKA. Additional: Airflow, dbt.",Frontend Developer,train
"Frontend Developer specializing in React.js, TypeScript, CSS3, and accessibility. 5 years building responsive SPAs with Node.js backends. Tools: Confluence.",Frontend Developer,train
"UX Designer — 6 years wireframing in Figma, usability testing, and design systems. Portfolio includes mobile and web UI/UX for SaaS products. Languages: English (native). Additional: GraphQL, Kafka.",UX Designer,train
"ML Engineer deploying models at scale — PyTorch, TensorFlow 2.x, MLOps on Azure. 8+ years in computer vision and NLP production systems. Certifications: PMP.",Machine Learning Engineer,train
"Backend Developer — Node.js, GraphQL, PostgreSQL, Redis. 13+ years designing scalable APIs and event-driven architectures. Certifications: PMP. Additional: Snowflake.",Backend Developer,train
"Backend Developer — Node.js, GraphQL, PostgreSQL, Redis. 4+ years designing scalable APIs and event-driven architectures. Tools: Confluence.",Backend Developer,train
"Full Stack Developer — MERN stack, GraphQL, MongoDB. 9 years end-to-end delivery with React and Express.js on AWS. Certifications: AWS Certified. Additional: GraphQL.",Full Stack Developer,train
"ML Engineer deploying models at scale — PyTorch, TensorFlow 2.x, MLOps on AWS. 4+ years in computer vision and NLP production systems. Certifications: PMP. Additional: Rust.",Machine Learning Engineer,train
"ML Engineer deploying models at scale — PyTorch, TensorFlow 2.x, MLOps on Azure. 8+ years in computer vision and NLP production systems. Certifications: PMP. Additional: Kafka.",Machine Learning Engineer,train
"Data Analyst (4 yrs) — SQL, Power BI, Excel, statistical reporting for business units. Experience with Python for automation and dashboarding. Languages: Spanish (professional). Additional: dbt.",Data Analyst,train
"Backend-focused Software Engineer using C++, Python, and REST APIs. Experience with .NET Core, PostgreSQL, Redis, and Agile/Scrum teams since 2024. Certifications: AWS Certified. Additional: Snowflake, Kafka.",Software Engineer,train
"Backend-focused Software Engineer using C++, Python, and REST APIs. Experience with .NET Core, PostgreSQL, Redis, and Agile/Scrum teams since 2013. Tools: Confluence. Additional: dbt, GraphQL.",Software Engineer,train
"Full Stack Developer — MERN stack, GraphQL, MongoDB. 11 years end-to-end delivery with React and Express.js on GCP. Certifications: CKA.",Full Stack Developer,train
"ML Engineer deploying models at scale — PyTorch, TensorFlow 2.x, MLOps on Azure. 8+ years in computer vision and NLP production systems. Certifications: CKA.",Machine Learning Engineer,train
"Full Stack Developer — MERN stack, GraphQL, MongoDB. 7 years end-to-end delivery with React and Express.js on GCP. Certifications: CKA. Additional: Spark, Snowflake.",Full Stack Developer,train
"Career profile — Backend Developer — Node.js, GraphQL, PostgreSQL, Redis. 11+ years designing scalable APIs and event-driven architectures. Languages: English (native). Additional: Kafka, GraphQL.",Backend Developer,holdout
"Product Manager with 11 years driving roadmaps, user research, and KPI tracking. Agile ceremonies, Jira, and cross-functional leadership with engineering and design. Additional: Snowflake, Spark.",Product Manager,train
"Professional summary: Backend-focused Software Engineer using C++, Python, and REST APIs. Experience with .NET Core, PostgreSQL, Redis, and Agile/Scrum teams since 2014. Additional: Airflow.",Software Engineer,holdout
"ML Engineer deploying models at scale — PyTorch, TensorFlow 2.x, MLOps on GCP. 13+ years in computer vision and NLP production systems. Languages: English (native). Additional: Rust.",Machine Learning Engineer,train
"Candidate overview | UX Designer — 6 years wireframing in Figma, usability testing, and design systems. Portfolio includes mobile and web UI/UX for SaaS products. Tools: Confluence.",UX Designer,holdout
"Professional summary: Frontend Developer specializing in React.js, TypeScript, CSS3, and accessibility. 2 years building responsive SPAs with Node.js backends.",Frontend Developer,holdout
"Full Stack Developer — MERN stack, GraphQL, MongoDB. 8 years end-to-end delivery with React and Express.js on AWS. Tools: Datadog.",Full Stack Developer,train
"Senior Data Scientist — 9 years in ML pipelines, A/B testing, and stakeholder reporting. Proficient in Python 3.11, PyTorch, Spark, and Tableau. PhD coursework in machine learning.",Data Scientist,train
"Frontend Developer specializing in React.js, TypeScript, CSS3, and accessibility. 3 years building responsive SPAs with Node.js backends. Tools: Jira.",Frontend Developer,train
"Frontend Developer specializing in React.js, TypeScript, CSS3, and accessibility. 14 years building responsive SPAs with Node.js backends.",Frontend Developer,train
"Software Engineer (2+ yrs) — Java 11, Spring Boot, microservices on AWS. CI/CD with Jenkins, Docker, Kubernetes. BS Computer Science. Tools: Confluence. Additional: Snowflake, Rust.",Software Engineer,train
"Candidate overview | Software Engineer (8+ yrs) — Java 21, Spring Boot, microservices on AWS. CI/CD with Jenkins, Docker, Kubernetes. BS Computer Science. Tools: Datadog.",Software Engineer,holdout
"Product Manager with 5 years driving roadmaps, user research, and KPI tracking. Agile ceremonies, Jira, and cross-functional leadership with engineering and design. Certifications: AWS Certified.",Product Manager,train
"ML Engineer deploying models at scale — PyTorch, TensorFlow 2.x, MLOps on GCP. 9+ years in computer vision and NLP production systems. Additional: dbt, Rust.",Machine Learning Engineer,train
"Frontend Developer specializing in React.js, TypeScript, CSS3, and accessibility. 7 years building responsive SPAs with Node.js backends. Certifications: CKA. Additional: Spark.",Frontend Developer,train
"Career profile — Software Engineer (8+ yrs) — Java 16, Spring Boot, microservices on GCP. CI/CD with Jenkins, Docker, Kubernetes. BS Computer Science. Additional: Snowflake.",Software Engineer,holdout
"Data Analyst (5 yrs) — SQL, Power BI, Excel, statistical reporting for business units. Experience with Python for automation and dashboarding. Tools: Jira. Additional: GraphQL.",Data Analyst,train
"Frontend Developer specializing in React.js, TypeScript, CSS3, and accessibility. 10 years building responsive SPAs with Node.js backends. Additional: Spark, Snowflake.",Frontend Developer,train
"Software Engineer (8+ yrs) — Java 11, Spring Boot, microservices on AWS. CI/CD with Jenkins, Docker, Kubernetes. BS Computer Science.",Software Engineer,train
"Backend Developer — Node.js, GraphQL, PostgreSQL, Redis. 8+ years designing scalable APIs and event-driven architectures. Additional: dbt, Kafka.",Backend Developer,train
"Professional summary: Backend Developer — Node.js, GraphQL, PostgreSQL, Redis. 7+ years designing scalable APIs and event-driven architectures. Additional: GraphQL.",Backend Developer,holdout
"ML Engineer deploying models at scale — PyTorch, TensorFlow 2.x, MLOps on AWS. 3+ years in computer vision and NLP production systems. Tools: Confluence.",Machine Learning Engineer,train
"ML Engineer deploying models at scale — PyTorch, TensorFlow 2.x, MLOps on AWS. 7+ years in computer vision and NLP production systems. Languages: Spanish (professional).",Machine Learning Engineer,train
"Frontend Developer specializing in React.js, TypeScript, CSS3, and accessibility. 4 years building responsive SPAs with Node.js backends. Tools: Confluence.",Frontend Developer,train
"Software Engineer (7+ yrs) — Java 8, Spring Boot, microservices on GCP. CI/CD with Jenkins, Docker, Kubernetes. BS Computer Science. Languages: Spanish (professional). Additional: GraphQL.",Software Engineer,train
"ML Engineer deploying models at scale — PyTorch, TensorFlow 2.x, MLOps on Azure. 10+ years in computer vision and NLP production systems. Certifications: CKA. Additional: GraphQL, Kafka.",Machine Learning Engineer,train
"ML Engineer deploying models at scale — PyTorch, TensorFlow 2.x, MLOps on Azure. 3+ years in computer vision and NLP production systems. Additional: GraphQL.",Machine Learning Engineer,train
"Backend Developer — Node.js, GraphQL, PostgreSQL, Redis. 11+ years designing scalable APIs and event-driven architectures. Additional: GraphQL, Kafka.",Backend Developer,train
"UX Designer — 10 years wireframing in Figma, usability testing, and design systems. Portfolio includes mobile and web UI/UX for SaaS products. Tools: Confluence.",UX Designer,train
"Professional summary: Product Manager with 9 years driving roadmaps, user research, and KPI tracking. Agile ceremonies, Jira, and cross-functional leadership with engineering and design.",Product Manager,holdout
"Professional summary: Data Analyst (14 yrs) — SQL, Power BI, Excel, statistical reporting for business units. Experience with Python for automation and dashboarding. Certifications: CKA. Additional: Rust, dbt.",Data Analyst,holdout
"Backend Developer — Node.js, GraphQL, PostgreSQL, Redis. 10+ years designing scalable APIs and event-driven architectures. Tools: Jira. Additional: Airflow.",Backend Developer,train
"Backend-focused Software Engineer using C++, Python, and REST APIs. Experience with .NET Core, PostgreSQL, Redis, and Agile/Scrum teams since 2023. Certifications: CKA. Additional: GraphQL, Spark.",Software Engineer,train
"Product Manager with 6 years driving roadmaps, user research, and KPI tracking. Agile ceremonies, Jira, and cross-functional leadership with engineering and design. Tools: Confluence. Additional: Rust, GraphQL.",Product Manager,train
"Candidate overview | DevOps Engineer — 6+ years: Terraform, Kubernetes, AWS, CI/CD, monitoring. Automated deployments with Docker and Python scripting. Tools: Confluence. Additional: Spark.",DevOps Engineer,holdout
"Backend Developer — Node.js, GraphQL, PostgreSQL, Redis. 5+ years designing scalable APIs and event-driven architectures. Additional: Spark.",Backend Developer,train
"Full Stack Developer — MERN stack, GraphQL, MongoDB. 4 years end-to-end delivery with React and Express.js on AWS. Additional: GraphQL, Rust.",Full Stack Developer,train
"Data Scientist with 12+ years applying Python 3.10, scikit-learn, and PyTorch. Built predictive models using GCP and SQL. MS in Statistics. Skills: Pandas, NumPy, TensorFlow 2.x, NLP, data visualization. Tools: Confluence. Additional: Rust, Kafka.",Data Scientist,train
"Frontend Developer specializing in React.js, TypeScript, CSS3, and accessibility. 2 years building responsive SPAs with Node.js backends. Tools: Jira.",Frontend Developer,train
"ML Engineer deploying models at scale — PyTorch, TensorFlow 2.x, MLOps on Azure. 2+ years in computer vision and NLP production systems. Certifications: PMP. Additional: Kafka, Rust.",Machine Learning Engineer,train
"Backend-focused Software Engineer using C++, Python, and REST APIs. Experience with .NET Core, PostgreSQL, Redis, and Agile/Scrum teams since 2013. Certifications: AWS Certified. Additional: Kafka.",Software Engineer,train
"Software Engineer (14+ yrs) — Java 13, Spring Boot, microservices on Azure. CI/CD with Jenkins, Docker, Kubernetes. BS Computer Science. Additional: Rust.",Software Engineer,train
"Backend-focused Software Engineer using C++, Python, and REST APIs. Experience with .NET Core, PostgreSQL, Redis, and Agile/Scrum teams since 2019.",Software Engineer,train
"DevOps Engineer — 5+ years: Terraform, Kubernetes, AWS, CI/CD, monitoring. Automated deployments with Docker and Python scripting. Tools: Datadog. Additional: Snowflake.",DevOps Engineer,train
"Senior Data Scientist — 10 years in ML pipelines, A/B testing, and stakeholder reporting. Proficient in Python 3.9, PyTorch, Spark, and Tableau. PhD coursework in machine learning. Tools: Confluence. Additional: Kafka, GraphQL.",Data Scientist,train
"Career profile — Data Scientist with 13+ years applying Python 3.9, scikit-learn, and XGBoost. Built predictive models using AWS and SQL. MS in Statistics. Skills: Pandas, NumPy, TensorFlow 2.x, NLP, data visualization.",Data Scientist,holdout
"Backend Developer — Node.js, GraphQL, PostgreSQL, Redis. 9+ years designing scalable APIs and event-driven architectures. Languages: Spanish (professional).",Backend Developer,train
"Data Scientist with 3+ years applying Python 3.10, scikit-learn, and PyTorch. Built predictive models using Azure and SQL. MS in Statistics. Skills: Pandas, NumPy, TensorFlow 2.x, NLP, data visualization. Certifications: CKA. Additional: Kafka, Airflow.",Data Scientist,train
"Candidate overview | ML Engineer deploying models at scale — PyTorch, TensorFlow 2.x, MLOps on Azure. 6+ years in computer vision and NLP production systems.",Machine Learning Engineer,holdout
"Full Stack Developer — MERN stack, GraphQL, MongoDB. 14 years end-to-end delivery with React and Express.js on AWS. Additional: Rust.",Full Stack Developer,train
"DevOps Engineer — 13+ years: Terraform, Kubernetes, AWS, CI/CD, monitoring. Automated deployments with Docker and Python scripting. Additional: Snowflake, GraphQL.",DevOps Engineer,train
"Professional summary: Backend Developer — Node.js, GraphQL, PostgreSQL, Redis. 3+ years designing scalable APIs and event-driven architectures. Languages: Spanish (professional).",Backend Developer,holdout
"Candidate overview | UX Designer — 3 years wireframing in Figma, usability testing, and design systems. Portfolio includes mobile and web UI/UX for SaaS products. Certifications: AWS Certified. Additional: Kafka.",UX Designer,holdout
"Backend-focused Software Engineer using C++, Python, and REST APIs. Experience with .NET Core, PostgreSQL, Redis, and Agile/Scrum teams since 2016. Languages: English (native). Additional: Rust.",Software Engineer,train
"UX Designer — 5 years wireframing in Figma, usability testing, and design systems. Portfolio includes mobile and web UI/UX for SaaS products. Languages: English (native). Additional: Airflow.",UX Designer,train
"Data Analyst (11 yrs) — SQL, Power BI, Excel, statistical reporting for business units. Experience with Python for automation and dashboarding. Tools: Jira. Additional: dbt.",Data Analyst,train
"Backend Developer — Node.js, GraphQL, PostgreSQL, Redis. 3+ years designing scalable APIs and event-driven architectures. Additional: Kafka, Snowflake.",Backend Developer,train
"Professional summary: Frontend Developer specializing in React.js, TypeScript, CSS3, and accessibility. 6 years building responsive SPAs with Node.js backends. Languages: English (native).",Frontend Developer,holdout
"Software Engineer (12+ yrs) — Java 13, Spring Boot, microservices on AWS. CI/CD with Jenkins, Docker, Kubernetes. BS Computer Science. Tools: Confluence. Additional: GraphQL.",Software Engineer,train
"Backend-focused Software Engineer using C++, Python, and REST APIs. Experience with .NET Core, PostgreSQL, Redis, and Agile/Scrum teams since 2018. Tools: Confluence. Additional: Rust.",Software Engineer,train
"Backend Developer — Node.js, GraphQL, PostgreSQL, Redis. 6+ years designing scalable APIs and event-driven architectures. Languages: Spanish (professional). Additional: Airflow, Rust.",Backend Developer,train
"Data Scientist with 7+ years applying Python 3.8, scikit-learn, and XGBoost. Built predictive models using GCP and SQL. MS in Statistics. Skills: Pandas, NumPy, TensorFlow 2.x, NLP, data visualization. Tools: Datadog. Additional: GraphQL, dbt.",Data Scientist,train
"Data Scientist with 10+ years applying Python 3.9, scikit-learn, and XGBoost. Built predictive models using AWS and SQL. MS in Statistics. Skills: Pandas, NumPy, TensorFlow 2.x, NLP, data visualization. Certifications: CKA.",Data Scientist,train
"Candidate overview | Product Manager with 3 years driving roadmaps, user research, and KPI tracking. Agile ceremonies, Jira, and cross-functional leadership with engineering and design. Tools: Datadog. Additional: dbt.",Product Manager,holdout
"Backend Developer — Node.js, GraphQL, PostgreSQL, Redis. 11+ years designing scalable APIs and event-driven architectures. Additional: Snowflake, dbt.",Backend Developer,train
"ML Engineer deploying models at scale — PyTorch, TensorFlow 2.x, MLOps on Azure. 5+ years in computer vision and NLP production systems. Additional: Kafka, dbt.",Machine Learning Engineer,train
"Backend Developer — Node.js, GraphQL, PostgreSQL, Redis. 10+ years designing scalable APIs and event-driven architectures. Tools: Datadog. Additional: Spark.",Backend Developer,train
"Backend Developer — Node.js, GraphQL, PostgreSQL, Redis. 4+ years designing scalable APIs and event-driven architectures. Certifications: CKA. Additional: GraphQL, Snowflake.",Backend Developer,train
"Full Stack Developer — MERN stack, GraphQL, MongoDB. 11 years end-to-end delivery with React and Express.js on Azure. Additional: Snowflake, Spark.",Full Stack Developer,train
"Backend Developer — Node.js, GraphQL, PostgreSQL, Redis. 5+ years designing scalable APIs and event-driven architectures. Additional: dbt.",Backend Developer,train
"ML Engineer deploying models at scale — PyTorch, TensorFlow 2.x, MLOps on GCP. 12+ years in computer vision and NLP production systems. Languages: Spanish (professional). Additional: Kafka, dbt.",Machine Learning Engineer,train
"Professional summary: Data Scientist with 11+ years applying Python 3.8, scikit-learn, and TensorFlow. Built predictive models using AWS and SQL. MS in Statistics. Skills: Pandas, NumPy, TensorFlow 2.x, NLP, data visualization. Tools: Confluence. Additional: Kafka, GraphQL.",Data Scientist,holdout
"Full Stack Developer — MERN stack, GraphQL, MongoDB. 4 years end-to-end delivery with React and Express.js on AWS. Languages: English (native). Additional: GraphQL, Spark.",Full Stack Developer,train
"Full Stack Developer — MERN stack, GraphQL, MongoDB. 11 years end-to-end delivery with React and Express.js on GCP. Tools: Datadog. Additional: dbt.",Full Stack Developer,train
"DevOps Engineer — 2+ years: Terraform, Kubernetes, AWS, CI/CD, monitoring. Automated deployments with Docker and Python scripting.",DevOps Engineer,train
"Candidate overview | Backend Developer — Node.js, GraphQL, PostgreSQL, Redis. 14+ years designing scalable APIs and event-driven architectures. Languages: English (native).",Backend Developer,holdout
"Backend-focused Software Engineer using C++, Python, and REST APIs. Experience with .NET Core, PostgreSQL, Redis, and Agile/Scrum teams since 2024. Languages: English (native). Additional: Snowflake, GraphQL.",Software Engineer,train
"ML Engineer deploying models at scale — PyTorch, TensorFlow 2.x, MLOps on Azure. 8+ years in computer vision and NLP production systems. Certifications: CKA. Additional: Snowflake, Spark.",Machine Learning Engineer,train
"Data Analyst (8 yrs) — SQL, Power BI, Excel, statistical reporting for business units. Experience with Python for automation and dashboarding. Certifications: AWS Certified. Additional: Spark.",Data Analyst,train
"Backend-focused Software Engineer using C++, Python, and REST APIs. Experience with .NET Core, PostgreSQL, Redis, and Agile/Scrum teams since 2012. Additional: Kafka.",Software Engineer,train
"Backend-focused Software Engineer using C++, Python, and REST APIs. Experience with .NET Core, PostgreSQL, Redis, and Agile/Scrum teams since 2024. Tools: Datadog. Additional: Snowflake, Kafka.",Software Engineer,train
"Full Stack Developer — MERN stack, GraphQL, MongoDB. 5 years end-to-end delivery with React and Express.js on Azure.",Full Stack Developer,train
"Backend Developer — Node.js, GraphQL, PostgreSQL, Redis. 5+ years designing scalable APIs and event-driven architectures. Certifications: AWS Certified.",Backend Developer,train
"ML Engineer deploying models at scale — PyTorch, TensorFlow 2.x, MLOps on AWS. 5+ years in computer vision and NLP production systems. Tools: Jira.",Machine Learning Engineer,train
"Backend Developer — Node.js, GraphQL, PostgreSQL, Redis. 3+ years designing scalable APIs and event-driven architectures. Tools: Jira. Additional: Spark.",Backend Developer,train
"UX Designer — 5 years wireframing in Figma, usability testing, and design systems. Portfolio includes mobile and web UI/UX for SaaS products. Certifications: CKA.",UX Designer,train
"Candidate overview | Data Analyst (6 yrs) — SQL, Power BI, Excel, statistical reporting for business units. Experience with Python for automation and dashboarding. Certifications: AWS Certified.",Data Analyst,holdout
"Backend Developer — Node.js, GraphQL, PostgreSQL, Redis. 3+ years designing scalable APIs and event-driven architectures. Languages: Spanish (professional). Additional: Airflow, Kafka.",Backend Developer,train
"Senior Data Scientist — 12 years in ML pipelines, A/B testing, and stakeholder reporting. Proficient in Python 3.8, PyTorch, Spark, and Tableau. PhD coursework in machine learning. Tools: Jira. Additional: dbt.",Data Scientist,train
"UX Designer — 4 years wireframing in Figma, usability testing, and design systems. Portfolio includes mobile and web UI/UX for SaaS products. Additional: dbt.",UX Designer,train
"Backend-focused Software Engineer using C++, Python, and REST APIs. Experience with .NET Core, PostgreSQL, Redis, and Agile/Scrum teams since 2016. Certifications: AWS Certified. Additional: Kafka, GraphQL.",Software Engineer,train
