resume_text,category
"Machine learning engineer with deep learning expertise, PyTorch, computer vision, NLP, and deployment of ML models at scale. Candidate ID: 0. Additional skills include problem-solving, teamwork, and communication.                             ",Machine Learning Engineer
"Frontend developer specializing in React, TypeScript, modern CSS, responsive design, and performance optimization for web applications. Candidate ID: 1. Additional skills include problem-solving, teamwork, and communication.                     ",Frontend Developer
"Machine learning engineer with deep learning expertise, PyTorch, computer vision, NLP, and deployment of ML models at scale. Candidate ID: 2. Additional skills include problem-solving, teamwork, and communication.                   ",Machine Learning Engineer
"Machine learning engineer with deep learning expertise, PyTorch, computer vision, NLP, and deployment of ML models at scale. Candidate ID: 3. Additional skills include problem-solving, teamwork, and communication.           ",Machine Learning Engineer
"Frontend developer specializing in React, TypeScript, modern CSS, responsive design, and performance optimization for web applications. Candidate ID: 4. Additional skills include problem-solving, teamwork, and communication.                                    ",Frontend Developer
"Frontend developer specializing in React, TypeScript, modern CSS, responsive design, and performance optimization for web applications. Candidate ID: 5. Additional skills include problem-solving, teamwork, and communication.                        ",Frontend Developer
"Product manager with 5+ years experience in agile methodologies, user research, product strategy, and cross-functional team leadership. Candidate ID: 6. Additional skills include problem-solving, teamwork, and communication.                      ",Product Manager
"DevOps engineer skilled in CI/CD pipelines, Kubernetes, Terraform, monitoring systems, and infrastructure automation using Python and Bash scripting. Candidate ID: 7. Additional skills include problem-solving, teamwork, and communication.  ",DevOps Engineer
"Frontend developer specializing in React, TypeScript, modern CSS, responsive design, and performance optimization for web applications. Candidate ID: 8. Additional skills include problem-solving, teamwork, and communication.                                            ",Frontend Developer
"Data analyst with strong SQL skills, experience in Tableau, Power BI, statistical analysis, and business intelligence reporting. Candidate ID: 9. Additional skills include problem-solving, teamwork, and communication.  ",Data Analyst
"DevOps engineer skilled in CI/CD pipelines, Kubernetes, Terraform, monitoring systems, and infrastructure automation using Python and Bash scripting. Candidate ID: 10. Additional skills include problem-solving, teamwork, and communication.                                 ",DevOps Engineer
"Full stack developer proficient in MERN stack, GraphQL, database design, and end-to-end web application development. Candidate ID: 11. Additional skills include problem-solving, teamwork, and communication.                      ",Full Stack Developer
"Backend developer with expertise in Node.js, PostgreSQL, Redis, API design, and building scalable distributed systems. Candidate ID: 12. Additional skills include problem-solving, teamwork, and communication.                                                 ",Backend Developer
"Full stack developer proficient in MERN stack, GraphQL, database design, and end-to-end web application development. Candidate ID: 13. Additional skills include problem-solving, teamwork, and communication.                            ",Full Stack Developer
"Product manager with 5+ years experience in agile methodologies, user research, product strategy, and cross-functional team leadership. Candidate ID: 14. Additional skills include problem-solving, teamwork, and communication.                                            ",Product Manager
"Machine learning engineer with deep learning expertise, PyTorch, computer vision, NLP, and deployment of ML models at scale. Candidate ID: 15. Additional skills include problem-solving, teamwork, and communication.   ",Machine Learning Engineer
"DevOps engineer skilled in CI/CD pipelines, Kubernetes, Terraform, monitoring systems, and infrastructure automation using Python and Bash scripting. Candidate ID: 16. Additional skills include problem-solving, teamwork, and communication.       ",DevOps Engineer
"DevOps engineer skilled in CI/CD pipelines, Kubernetes, Terraform, monitoring systems, and infrastructure automation using Python and Bash scripting. Candidate ID: 17. Additional skills include problem-solving, teamwork, and communication.         ",DevOps Engineer
"Machine learning engineer with deep learning expertise, PyTorch, computer vision, NLP, and deployment of ML models at scale. Candidate ID: 18. Additional skills include problem-solving, teamwork, and communication.                  ",Machine Learning Engineer
"UX designer proficient in Figma, user research, wireframing, prototyping, and usability testing. Created intuitive interfaces for web and mobile applications. Candidate ID: 19. Additional skills include problem-solving, teamwork, and communication.                         ",UX Designer
"Software engineer specializing in backend development with Java, Spring Boot, microservices architecture, and cloud technologies including AWS and Docker. Candidate ID: 20. Additional skills include problem-solving, teamwork, and communication.         ",Software Engineer
"Full stack developer proficient in MERN stack, GraphQL, database design, and end-to-end web application development. Candidate ID: 21. Additional skills include problem-solving, teamwork, and communication.  ",Full Stack Developer
"UX designer proficient in Figma, user research, wireframing, prototyping, and usability testing. Created intuitive interfaces for web and mobile applications. Candidate ID: 22. Additional skills include problem-solving, teamwork, and communication.                            ",UX Designer
"Machine learning engineer with deep learning expertise, PyTorch, computer vision, NLP, and deployment of ML models at scale. Candidate ID: 23. Additional skills include problem-solving, teamwork, and communication.                                            ",Machine Learning Engineer
"Frontend developer specializing in React, TypeScript, modern CSS, responsive design, and performance optimization for web applications. Candidate ID: 24. Additional skills include problem-solving, teamwork, and communication.                                               ",Frontend Developer
"Product manager with 5+ years experience in agile methodologies, user research, product strategy, and cross-functional team leadership. Candidate ID: 25. Additional skills include problem-solving, teamwork, and communication.              ",Product Manager
"Experienced data scientist with expertise in machine learning, Python, TensorFlow, and statistical analysis. Led multiple projects in predictive modeling and data visualization. Candidate ID: 26. Additional skills include problem-solving, teamwork, and communication.                                    ",Data Scientist
"Software engineer specializing in backend development with Java, Spring Boot, microservices architecture, and cloud technologies including AWS and Docker. Candidate ID: 27. Additional skills include problem-solving, teamwork, and communication.                                        ",Software Engineer
"UX designer proficient in Figma, user research, wireframing, prototyping, and usability testing. Created intuitive interfaces for web and mobile applications. Candidate ID: 28. Additional skills include problem-solving, teamwork, and communication.  ",UX Designer
"Data analyst with strong SQL skills, experience in Tableau, Power BI, statistical analysis, and business intelligence reporting. Candidate ID: 29. Additional skills include problem-solving, teamwork, and communication.                                          ",Data Analyst
"UX designer proficient in Figma, user research, wireframing, prototyping, and usability testing. Created intuitive interfaces for web and mobile applications. Candidate ID: 30. Additional skills include problem-solving, teamwork, and communication.                             ",UX Designer
"Software engineer specializing in backend development with Java, Spring Boot, microservices architecture, and cloud technologies including AWS and Docker. Candidate ID: 31. Additional skills include problem-solving, teamwork, and communication.                          ",Software Engineer
"Software engineer specializing in backend development with Java, Spring Boot, microservices architecture, and cloud technologies including AWS and Docker. Candidate ID: 32. Additional skills include problem-solving, teamwork, and communication.          ",Software Engineer
"UX designer proficient in Figma, user research, wireframing, prototyping, and usability testing. Created intuitive interfaces for web and mobile applications. Candidate ID: 33. Additional skills include problem-solving, teamwork, and communication.              ",UX Designer
"Frontend developer specializing in React, TypeScript, modern CSS, responsive design, and performance optimization for web applications. Candidate ID: 34. Additional skills include problem-solving, teamwork, and communication.              ",Frontend Developer
"Machine learning engineer with deep learning expertise, PyTorch, computer vision, NLP, and deployment of ML models at scale. Candidate ID: 35. Additional skills include problem-solving, teamwork, and communication.                                        ",Machine Learning Engineer
"DevOps engineer skilled in CI/CD pipelines, Kubernetes, Terraform, monitoring systems, and infrastructure automation using Python and Bash scripting. Candidate ID: 36. Additional skills include problem-solving, teamwork, and communication.                ",DevOps Engineer
"Software engineer specializing in backend development with Java, Spring Boot, microservices architecture, and cloud technologies including AWS and Docker. Candidate ID: 37. Additional skills include problem-solving, teamwork, and communication.                                               ",Software Engineer
"DevOps engineer skilled in CI/CD pipelines, Kubernetes, Terraform, monitoring systems, and infrastructure automation using Python and Bash scripting. Candidate ID: 38. Additional skills include problem-solving, teamwork, and communication.                        ",DevOps Engineer
"Full stack developer proficient in MERN stack, GraphQL, database design, and end-to-end web application development. Candidate ID: 39. Additional skills include problem-solving, teamwork, and communication.                         ",Full Stack Developer
"Backend developer with expertise in Node.js, PostgreSQL, Redis, API design, and building scalable distributed systems. Candidate ID: 40. Additional skills include problem-solving, teamwork, and communication.                             ",Backend Developer
"Experienced data scientist with expertise in machine learning, Python, TensorFlow, and statistical analysis. Led multiple projects in predictive modeling and data visualization. Candidate ID: 41. Additional skills include problem-solving, teamwork, and communication.                         ",Data Scientist
"Machine learning engineer with deep learning expertise, PyTorch, computer vision, NLP, and deployment of ML models at scale. Candidate ID: 42. Additional skills include problem-solving, teamwork, and communication.         ",Machine Learning Engineer
"Frontend developer specializing in React, TypeScript, modern CSS, responsive design, and performance optimization for web applications. Candidate ID: 43. Additional skills include problem-solving, teamwork, and communication. ",Frontend Developer
"Frontend developer specializing in React, TypeScript, modern CSS, responsive design, and performance optimization for web applications. Candidate ID: 44. Additional skills include problem-solving, teamwork, and communication.                        ",Frontend Developer
"Product manager with 5+ years experience in agile methodologies, user research, product strategy, and cross-functional team leadership. Candidate ID: 45. Additional skills include problem-solving, teamwork, and communication.                 ",Product Manager
"Frontend developer specializing in React, TypeScript, modern CSS, responsive design, and performance optimization for web applications. Candidate ID: 46. Additional skills include problem-solving, teamwork, and communication.                                   ",Frontend Developer
"Product manager with 5+ years experience in agile methodologies, user research, product strategy, and cross-functional team leadership. Candidate ID: 47. Additional skills include problem-solving, teamwork, and communication.                                 ",Product Manager
"DevOps engineer skilled in CI/CD pipelines, Kubernetes, Terraform, monitoring systems, and infrastructure automation using Python and Bash scripting. Candidate ID: 48. Additional skills include problem-solving, teamwork, and communication.                                          ",DevOps Engineer
"Machine learning engineer with deep learning expertise, PyTorch, computer vision, NLP, and deployment of ML models at scale. Candidate ID: 49. Additional skills include problem-solving, teamwork, and communication.                                         ",Machine Learning Engineer
"Machine learning engineer with deep learning expertise, PyTorch, computer vision, NLP, and deployment of ML models at scale. Candidate ID: 50. Additional skills include problem-solving, teamwork, and communication.         ",Machine Learning Engineer
"Frontend developer specializing in React, TypeScript, modern CSS, responsive design, and performance optimization for web applications. Candidate ID: 51. Additional skills include problem-solving, teamwork, and communication.            ",Frontend Developer
"Software engineer specializing in backend development with Java, Spring Boot, microservices architecture, and cloud technologies including AWS and Docker. Candidate ID: 52. Additional skills include problem-solving, teamwork, and communication.                                 ",Software Engineer
"Machine learning engineer with deep learning expertise, PyTorch, computer vision, NLP, and deployment of ML models at scale. Candidate ID: 53. Additional skills include problem-solving, teamwork, and communication.                       ",Machine Learning Engineer
"Frontend developer specializing in React, TypeScript, modern CSS, responsive design, and performance optimization for web applications. Candidate ID: 54. Additional skills include problem-solving, teamwork, and communication.                                     ",Frontend Developer
"Product manager with 5+ years experience in agile methodologies, user research, product strategy, and cross-functional team leadership. Candidate ID: 55. Additional skills include problem-solving, teamwork, and communication.                                            ",Product Manager
"Frontend developer specializing in React, TypeScript, modern CSS, responsive design, and performance optimization for web applications. Candidate ID: 56. Additional skills include problem-solving, teamwork, and communication.                      ",Frontend Developer
"Product manager with 5+ years experience in agile methodologies, user research, product strategy, and cross-functional team leadership. Candidate ID: 57. Additional skills include problem-solving, teamwork, and communication. ",Product Manager
"Product manager with 5+ years experience in agile methodologies, user research, product strategy, and cross-functional team leadership. Candidate ID: 58. Additional skills include problem-solving, teamwork, and communication.                                     ",Product Manager
"Product manager with 5+ years experience in agile methodologies, user research, product strategy, and cross-functional team leadership. Candidate ID: 59. Additional skills include problem-solving, teamwork, and communication. ",Product Manager
"DevOps engineer skilled in CI/CD pipelines, Kubernetes, Terraform, monitoring systems, and infrastructure automation using Python and Bash scripting. Candidate ID: 60. Additional skills include problem-solving, teamwork, and communication.                          ",DevOps Engineer
"Machine learning engineer with deep learning expertise, PyTorch, computer vision, NLP, and deployment of ML models at scale. Candidate ID: 61. Additional skills include problem-solving, teamwork, and communication.              ",Machine Learning Engineer
"Machine learning engineer with deep learning expertise, PyTorch, computer vision, NLP, and deployment of ML models at scale. Candidate ID: 62. Additional skills include problem-solving, teamwork, and communication.                           ",Machine Learning Engineer
"Backend developer with expertise in Node.js, PostgreSQL, Redis, API design, and building scalable distributed systems. Candidate ID: 63. Additional skills include problem-solving, teamwork, and communication.               ",Backend Developer
"Full stack developer proficient in MERN stack, GraphQL, database design, and end-to-end web application development. Candidate ID: 64. Additional skills include problem-solving, teamwork, and communication.                                          ",Full Stack Developer
"Product manager with 5+ years experience in agile methodologies, user research, product strategy, and cross-functional team leadership. Candidate ID: 65. Additional skills include problem-solving, teamwork, and communication.                                ",Product Manager
"Machine learning engineer with deep learning expertise, PyTorch, computer vision, NLP, and deployment of ML models at scale. Candidate ID: 66. Additional skills include problem-solving, teamwork, and communication.                                                 ",Machine Learning Engineer
"UX designer proficient in Figma, user research, wireframing, prototyping, and usability testing. Created intuitive interfaces for web and mobile applications. Candidate ID: 67. Additional skills include problem-solving, teamwork, and communication.                                ",UX Designer
"UX designer proficient in Figma, user research, wireframing, prototyping, and usability testing. Created intuitive interfaces for web and mobile applications. Candidate ID: 68. Additional skills include problem-solving, teamwork, and communication.                              ",UX Designer
"DevOps engineer skilled in CI/CD pipelines, Kubernetes, Terraform, monitoring systems, and infrastructure automation using Python and Bash scripting. Candidate ID: 69. Additional skills include problem-solving, teamwork, and communication.                       ",DevOps Engineer
"Machine learning engineer with deep learning expertise, PyTorch, computer vision, NLP, and deployment of ML models at scale. Candidate ID: 70. Additional skills include problem-solving, teamwork, and communication.                                             ",Machine Learning Engineer
"UX designer proficient in Figma, user research, wireframing, prototyping, and usability testing. Created intuitive interfaces for web and mobile applications. Candidate ID: 71. Additional skills include problem-solving, teamwork, and communication.             ",UX Designer
"Machine learning engineer with deep learning expertise, PyTorch, computer vision, NLP, and deployment of ML models at scale. Candidate ID: 72. Additional skills include problem-solving, teamwork, and communication.                      ",Machine Learning Engineer
"Software engineer specializing in backend development with Java, Spring Boot, microservices architecture, and cloud technologies including AWS and Docker. Candidate ID: 73. Additional skills include problem-solving, teamwork, and communication.                                          ",Software Engineer
"Backend developer with expertise in Node.js, PostgreSQL, Redis, API design, and building scalable distributed systems. Candidate ID: 74. Additional skills include problem-solving, teamwork, and communication.      ",Backend Developer
"UX designer proficient in Figma, user research, wireframing, prototyping, and usability testing. Created intuitive interfaces for web and mobile applications. Candidate ID: 75. Additional skills include problem-solving, teamwork, and communication.                              ",UX Designer
"Full stack developer proficient in MERN stack, GraphQL, database design, and end-to-end web application development. Candidate ID: 76. Additional skills include problem-solving, teamwork, and communication.                            ",Full Stack Developer
"Backend developer with expertise in Node.js, PostgreSQL, Redis, API design, and building scalable distributed systems. Candidate ID: 77. Additional skills include problem-solving, teamwork, and communication.                                       ",Backend Developer
"Experienced data scientist with expertise in machine learning, Python, TensorFlow, and statistical analysis. Led multiple projects in predictive modeling and data visualization. Candidate ID: 78. Additional skills include problem-solving, teamwork, and communication. ",Data Scientist
"Backend developer with expertise in Node.js, PostgreSQL, Redis, API design, and building scalable distributed systems. Candidate ID: 79. Additional skills include problem-solving, teamwork, and communication.                           ",Backend Developer
"Backend developer with expertise in Node.js, PostgreSQL, Redis, API design, and building scalable distributed systems. Candidate ID: 80. Additional skills include problem-solving, teamwork, and communication.             ",Backend Developer
"Backend developer with expertise in Node.js, PostgreSQL, Redis, API design, and building scalable distributed systems. Candidate ID: 81. Additional skills include problem-solving, teamwork, and communication.   ",Backend Developer
"Machine learning engineer with deep learning expertise, PyTorch, computer vision, NLP, and deployment of ML models at scale. Candidate ID: 82. Additional skills include problem-solving, teamwork, and communication.      ",Machine Learning Engineer
"Frontend developer specializing in React, TypeScript, modern CSS, responsive design, and performance optimization for web applications. Candidate ID: 83. Additional skills include problem-solving, teamwork, and communication.                           ",Frontend Developer
"Backend developer with expertise in Node.js, PostgreSQL, Redis, API design, and building scalable distributed systems. Candidate ID: 84. Additional skills include problem-solving, teamwork, and communication.                                     ",Backend Developer
"Experienced data scientist with expertise in machine learning, Python, TensorFlow, and statistical analysis. Led multiple projects in predictive modeling and data visualization. Candidate ID: 85. Additional skills include problem-solving, teamwork, and communication.                                          ",Data Scientist
"Frontend developer specializing in React, TypeScript, modern CSS, responsive design, and performance optimization for web applications. Candidate ID: 86. Additional skills include problem-solving, teamwork, and communication.               ",Frontend Developer
"Data analyst with strong SQL skills, experience in Tableau, Power BI, statistical analysis, and business intelligence reporting. Candidate ID: 87. Additional skills include problem-solving, teamwork, and communication.                                ",Data Analyst
"Frontend developer specializing in React, TypeScript, modern CSS, responsive design, and performance optimization for web applications. Candidate ID: 88. Additional skills include problem-solving, teamwork, and communication.                                         ",Frontend Developer
"UX designer proficient in Figma, user research, wireframing, prototyping, and usability testing. Created intuitive interfaces for web and mobile applications. Candidate ID: 89. Additional skills include problem-solving, teamwork, and communication.                                                 ",UX Designer
"Experienced data scientist with expertise in machine learning, Python, TensorFlow, and statistical analysis. Led multiple projects in predictive modeling and data visualization. Candidate ID: 90. Additional skills include problem-solving, teamwork, and communication.            ",Data Scientist
"Machine learning engineer with deep learning expertise, PyTorch, computer vision, NLP, and deployment of ML models at scale. Candidate ID: 91. Additional skills include problem-solving, teamwork, and communication.  ",Machine Learning Engineer
"Product manager with 5+ years experience in agile methodologies, user research, product strategy, and cross-functional team leadership. Candidate ID: 92. Additional skills include problem-solving, teamwork, and communication.                                                 ",Product Manager
"DevOps engineer skilled in CI/CD pipelines, Kubernetes, Terraform, monitoring systems, and infrastructure automation using Python and Bash scripting. Candidate ID: 93. Additional skills include problem-solving, teamwork, and communication.                                                 ",DevOps Engineer
"Frontend developer specializing in React, TypeScript, modern CSS, responsive design, and performance optimization for web applications. Candidate ID: 94. Additional skills include problem-solving, teamwork, and communication.                 ",Frontend Developer
"Experienced data scientist with expertise in machine learning, Python, TensorFlow, and statistical analysis. Led multiple projects in predictive modeling and data visualization. Candidate ID: 95. Additional skills include problem-solving, teamwork, and communication.  ",Data Scientist
"Software engineer specializing in backend development with Java, Spring Boot, microservices architecture, and cloud technologies including AWS and Docker. Candidate ID: 96. Additional skills include problem-solving, teamwork, and communication.                            ",Software Engineer
"Data analyst with strong SQL skills, experience in Tableau, Power BI, statistical analysis, and business intelligence reporting. Candidate ID: 97. Additional skills include problem-solving, teamwork, and communication.                       ",Data Analyst
"DevOps engineer skilled in CI/CD pipelines, Kubernetes, Terraform, monitoring systems, and infrastructure automation using Python and Bash scripting. Candidate ID: 98. Additional skills include problem-solving, teamwork, and communication.                                ",DevOps Engineer
"Experienced data scientist with expertise in machine learning, Python, TensorFlow, and statistical analysis. Led multiple projects in predictive modeling and data visualization. Candidate ID: 99. Additional skills include problem-solving, teamwork, and communication. ",Data Scientist
"Product manager with 5+ years experience in agile methodologies, user research, product strategy, and cross-functional team leadership. Candidate ID: 100. Additional skills include problem-solving, teamwork, and communication.  ",Product Manager
"DevOps engineer skilled in CI/CD pipelines, Kubernetes, Terraform, monitoring systems, and infrastructure automation using Python and Bash scripting. Candidate ID: 101. Additional skills include problem-solving, teamwork, and communication.                                            ",DevOps Engineer
"Full stack developer proficient in MERN stack, GraphQL, database design, and end-to-end web application development. Candidate ID: 102. Additional skills include problem-solving, teamwork, and communication.                                ",Full Stack Developer
"Data analyst with strong SQL skills, experience in Tableau, Power BI, statistical analysis, and business intelligence reporting. Candidate ID: 103. Additional skills include problem-solving, teamwork, and communication.                                ",Data Analyst
"Machine learning engineer with deep learning expertise, PyTorch, computer vision, NLP, and deployment of ML models at scale. Candidate ID: 104. Additional skills include problem-solving, teamwork, and communication.    ",Machine Learning Engineer
"Machine learning engineer with deep learning expertise, PyTorch, computer vision, NLP, and deployment of ML models at scale. Candidate ID: 105. Additional skills include problem-solving, teamwork, and communication.           ",Machine Learning Engineer
"Frontend developer specializing in React, TypeScript, modern CSS, responsive design, and performance optimization for web applications. Candidate ID: 106. Additional skills include problem-solving, teamwork, and communication.                 ",Frontend Developer
"Data analyst with strong SQL skills, experience in Tableau, Power BI, statistical analysis, and business intelligence reporting. Candidate ID: 107. Additional skills include problem-solving, teamwork, and communication.                        ",Data Analyst
"DevOps engineer skilled in CI/CD pipelines, Kubernetes, Terraform, monitoring systems, and infrastructure automation using Python and Bash scripting. Candidate ID: 108. Additional skills include problem-solving, teamwork, and communication.                                  ",DevOps Engineer
"Data analyst with strong SQL skills, experience in Tableau, Power BI, statistical analysis, and business intelligence reporting. Candidate ID: 109. Additional skills include problem-solving, teamwork, and communication.                      ",Data Analyst
"Experienced data scientist with expertise in machine learning, Python, TensorFlow, and statistical analysis. Led multiple projects in predictive modeling and data visualization. Candidate ID: 110. Additional skills include problem-solving, teamwork, and communication.         ",Data Scientist
"Data analyst with strong SQL skills, experience in Tableau, Power BI, statistical analysis, and business intelligence reporting. Candidate ID: 111. Additional skills include problem-solving, teamwork, and communication.                ",Data Analyst
"Product manager with 5+ years experience in agile methodologies, user research, product strategy, and cross-functional team leadership. Candidate ID: 112. Additional skills include problem-solving, teamwork, and communication.                    ",Product Manager
"UX designer proficient in Figma, user research, wireframing, prototyping, and usability testing. Created intuitive interfaces for web and mobile applications. Candidate ID: 113. Additional skills include problem-solving, teamwork, and communication.                   ",UX Designer
"Full stack developer proficient in MERN stack, GraphQL, database design, and end-to-end web application development. Candidate ID: 114. Additional skills include problem-solving, teamwork, and communication.   ",Full Stack Developer
"Product manager with 5+ years experience in agile methodologies, user research, product strategy, and cross-functional team leadership. Candidate ID: 115. Additional skills include problem-solving, teamwork, and communication.                    ",Product Manager
"Machine learning engineer with deep learning expertise, PyTorch, computer vision, NLP, and deployment of ML models at scale. Candidate ID: 116. Additional skills include problem-solving, teamwork, and communication.                                         ",Machine Learning Engineer
"Experienced data scientist with expertise in machine learning, Python, TensorFlow, and statistical analysis. Led multiple projects in predictive modeling and data visualization. Candidate ID: 117. Additional skills include problem-solving, teamwork, and communication.                                        ",Data Scientist
"Machine learning engineer with deep learning expertise, PyTorch, computer vision, NLP, and deployment of ML models at scale. Candidate ID: 118. Additional skills include problem-solving, teamwork, and communication.                  ",Machine Learning Engineer
"Frontend developer specializing in React, TypeScript, modern CSS, responsive design, and performance optimization for web applications. Candidate ID: 119. Additional skills include problem-solving, teamwork, and communication. ",Frontend Developer
"Backend developer with expertise in Node.js, PostgreSQL, Redis, API design, and building scalable distributed systems. Candidate ID: 120. Additional skills include problem-solving, teamwork, and communication.                         ",Backend Developer
"Software engineer specializing in backend development with Java, Spring Boot, microservices architecture, and cloud technologies including AWS and Docker. Candidate ID: 121. Additional skills include problem-solving, teamwork, and communication.                       ",Software Engineer
"Full stack developer proficient in MERN stack, GraphQL, database design, and end-to-end web application development. Candidate ID: 122. Additional skills include problem-solving, teamwork, and communication.                                   ",Full Stack Developer
"Machine learning engineer with deep learning expertise, PyTorch, computer vision, NLP, and deployment of ML models at scale. Candidate ID: 123. Additional skills include problem-solving, teamwork, and communication.                ",Machine Learning Engineer
"Full stack developer proficient in MERN stack, GraphQL, database design, and end-to-end web application development. Candidate ID: 124. Additional skills include problem-solving, teamwork, and communication.                                                ",Full Stack Developer
"Backend developer with expertise in Node.js, PostgreSQL, Redis, API design, and building scalable distributed systems. Candidate ID: 125. Additional skills include problem-solving, teamwork, and communication.                                                 ",Backend Developer
"Software engineer specializing in backend development with Java, Spring Boot, microservices architecture, and cloud technologies including AWS and Docker. Candidate ID: 126. Additional skills include problem-solving, teamwork, and communication. ",Software Engineer
"DevOps engineer skilled in CI/CD pipelines, Kubernetes, Terraform, monitoring systems, and infrastructure automation using Python and Bash scripting. Candidate ID: 127. Additional skills include problem-solving, teamwork, and communication.                                     ",DevOps Engineer
"Machine learning engineer with deep learning expertise, PyTorch, computer vision, NLP, and deployment of ML models at scale. Candidate ID: 128. Additional skills include problem-solving, teamwork, and communication.         ",Machine Learning Engineer
"Backend developer with expertise in Node.js, PostgreSQL, Redis, API design, and building scalable distributed systems. Candidate ID: 129. Additional skills include problem-solving, teamwork, and communication.                                   ",Backend Developer
"Product manager with 5+ years experience in agile methodologies, user research, product strategy, and cross-functional team leadership. Candidate ID: 130. Additional skills include problem-solving, teamwork, and communication.                                                ",Product Manager
"Product manager with 5+ years experience in agile methodologies, user research, product strategy, and cross-functional team leadership. Candidate ID: 131. Additional skills include problem-solving, teamwork, and communication.                    ",Product Manager
"Frontend developer specializing in React, TypeScript, modern CSS, responsive design, and performance optimization for web applications. Candidate ID: 132. Additional skills include problem-solving, teamwork, and communication.                                 ",Frontend Developer
"Frontend developer specializing in React, TypeScript, modern CSS, responsive design, and performance optimization for web applications. Candidate ID: 133. Additional skills include problem-solving, teamwork, and communication.           ",Frontend Developer
"Experienced data scientist with expertise in machine learning, Python, TensorFlow, and statistical analysis. Led multiple projects in predictive modeling and data visualization. Candidate ID: 134. Additional skills include problem-solving, teamwork, and communication.        ",Data Scientist
"UX designer proficient in Figma, user research, wireframing, prototyping, and usability testing. Created intuitive interfaces for web and mobile applications. Candidate ID: 135. Additional skills include problem-solving, teamwork, and communication.                                      ",UX Designer
"Frontend developer specializing in React, TypeScript, modern CSS, responsive design, and performance optimization for web applications. Candidate ID: 136. Additional skills include problem-solving, teamwork, and communication.                    ",Frontend Developer
"Product manager with 5+ years experience in agile methodologies, user research, product strategy, and cross-functional team leadership. Candidate ID: 137. Additional skills include problem-solving, teamwork, and communication.                                                ",Product Manager
"Backend developer with expertise in Node.js, PostgreSQL, Redis, API design, and building scalable distributed systems. Candidate ID: 138. Additional skills include problem-solving, teamwork, and communication.                                   ",Backend Developer
"Backend developer with expertise in Node.js, PostgreSQL, Redis, API design, and building scalable distributed systems. Candidate ID: 139. Additional skills include problem-solving, teamwork, and communication.                             ",Backend Developer
"Software engineer specializing in backend development with Java, Spring Boot, microservices architecture, and cloud technologies including AWS and Docker. Candidate ID: 140. Additional skills include problem-solving, teamwork, and communication.                                              ",Software Engineer
"Software engineer specializing in backend development with Java, Spring Boot, microservices architecture, and cloud technologies including AWS and Docker. Candidate ID: 141. Additional skills include problem-solving, teamwork, and communication.  ",Software Engineer
"Data analyst with strong SQL skills, experience in Tableau, Power BI, statistical analysis, and business intelligence reporting. Candidate ID: 142. Additional skills include problem-solving, teamwork, and communication.                                   ",Data Analyst
"Backend developer with expertise in Node.js, PostgreSQL, Redis, API design, and building scalable distributed systems. Candidate ID: 143. Additional skills include problem-solving, teamwork, and communication.                                    ",Backend Developer
"Experienced data scientist with expertise in machine learning, Python, TensorFlow, and statistical analysis. Led multiple projects in predictive modeling and data visualization. Candidate ID: 144. Additional skills include problem-solving, teamwork, and communication.    ",Data Scientist
"Experienced data scientist with expertise in machine learning, Python, TensorFlow, and statistical analysis. Led multiple projects in predictive modeling and data visualization. Candidate ID: 145. Additional skills include problem-solving, teamwork, and communication.              ",Data Scientist
"DevOps engineer skilled in CI/CD pipelines, Kubernetes, Terraform, monitoring systems, and infrastructure automation using Python and Bash scripting. Candidate ID: 146. Additional skills include problem-solving, teamwork, and communication.                                                ",DevOps Engineer
"UX designer proficient in Figma, user research, wireframing, prototyping, and usability testing. Created intuitive interfaces for web and mobile applications. Candidate ID: 147. Additional skills include problem-solving, teamwork, and communication.        ",UX Designer
"Machine learning engineer with deep learning expertise, PyTorch, computer vision, NLP, and deployment of ML models at scale. Candidate ID: 148. Additional skills include problem-solving, teamwork, and communication.   ",Machine Learning Engineer
"Experienced data scientist with expertise in machine learning, Python, TensorFlow, and statistical analysis. Led multiple projects in predictive modeling and data visualization. Candidate ID: 149. Additional skills include problem-solving, teamwork, and communication.                                 ",Data Scientist
"Product manager with 5+ years experience in agile methodologies, user research, product strategy, and cross-functional team leadership. Candidate ID: 150. Additional skills include problem-solving, teamwork, and communication.                      ",Product Manager
"Machine learning engineer with deep learning expertise, PyTorch, computer vision, NLP, and deployment of ML models at scale. Candidate ID: 151. Additional skills include problem-solving, teamwork, and communication.                      ",Machine Learning Engineer
"Data analyst with strong SQL skills, experience in Tableau, Power BI, statistical analysis, and business intelligence reporting. Candidate ID: 152. Additional skills include problem-solving, teamwork, and communication.                                      ",Data Analyst
"Product manager with 5+ years experience in agile methodologies, user research, product strategy, and cross-functional team leadership. Candidate ID: 153. Additional skills include problem-solving, teamwork, and communication.        ",Product Manager
"Software engineer specializing in backend development with Java, Spring Boot, microservices architecture, and cloud technologies including AWS and Docker. Candidate ID: 154. Additional skills include problem-solving, teamwork, and communication.                     ",Software Engineer
"Experienced data scientist with expertise in machine learning, Python, TensorFlow, and statistical analysis. Led multiple projects in predictive modeling and data visualization. Candidate ID: 155. Additional skills include problem-solving, teamwork, and communication.                            ",Data Scientist
"Experienced data scientist with expertise in machine learning, Python, TensorFlow, and statistical analysis. Led multiple projects in predictive modeling and data visualization. Candidate ID: 156. Additional skills include problem-solving, teamwork, and communication.     ",Data Scientist
"Product manager with 5+ years experience in agile methodologies, user research, product strategy, and cross-functional team leadership. Candidate ID: 157. Additional skills include problem-solving, teamwork, and communication.    ",Product Manager
"Product manager with 5+ years experience in agile methodologies, user research, product strategy, and cross-functional team leadership. Candidate ID: 158. Additional skills include problem-solving, teamwork, and communication.                                                 ",Product Manager
"Experienced data scientist with expertise in machine learning, Python, TensorFlow, and statistical analysis. Led multiple projects in predictive modeling and data visualization. Candidate ID: 159. Additional skills include problem-solving, teamwork, and communication.                                            ",Data Scientist
"DevOps engineer skilled in CI/CD pipelines, Kubernetes, Terraform, monitoring systems, and infrastructure automation using Python and Bash scripting. Candidate ID: 160. Additional skills include problem-solving, teamwork, and communication.      ",DevOps Engineer
"Product manager with 5+ years experience in agile methodologies, user research, product strategy, and cross-functional team leadership. Candidate ID: 161. Additional skills include problem-solving, teamwork, and communication.                                         ",Product Manager
"DevOps engineer skilled in CI/CD pipelines, Kubernetes, Terraform, monitoring systems, and infrastructure automation using Python and Bash scripting. Candidate ID: 162. Additional skills include problem-solving, teamwork, and communication.                        ",DevOps Engineer
"Experienced data scientist with expertise in machine learning, Python, TensorFlow, and statistical analysis. Led multiple projects in predictive modeling and data visualization. Candidate ID: 163. Additional skills include problem-solving, teamwork, and communication.                                              ",Data Scientist
"DevOps engineer skilled in CI/CD pipelines, Kubernetes, Terraform, monitoring systems, and infrastructure automation using Python and Bash scripting. Candidate ID: 164. Additional skills include problem-solving, teamwork, and communication.                               ",DevOps Engineer
"Product manager with 5+ years experience in agile methodologies, user research, product strategy, and cross-functional team leadership. Candidate ID: 165. Additional skills include problem-solving, teamwork, and communication.                                 ",Product Manager
"UX designer proficient in Figma, user research, wireframing, prototyping, and usability testing. Created intuitive interfaces for web and mobile applications. Candidate ID: 166. Additional skills include problem-solving, teamwork, and communication.                     ",UX Designer
"Machine learning engineer with deep learning expertise, PyTorch, computer vision, NLP, and deployment of ML models at scale. Candidate ID: 167. Additional skills include problem-solving, teamwork, and communication.                                 ",Machine Learning Engineer
"Product manager with 5+ years experience in agile methodologies, user research, product strategy, and cross-functional team leadership. Candidate ID: 168. Additional skills include problem-solving, teamwork, and communication.                  ",Product Manager
"Backend developer with expertise in Node.js, PostgreSQL, Redis, API design, and building scalable distributed systems. Candidate ID: 169. Additional skills include problem-solving, teamwork, and communication.                                          ",Backend Developer
"Data analyst with strong SQL skills, experience in Tableau, Power BI, statistical analysis, and business intelligence reporting. Candidate ID: 170. Additional skills include problem-solving, teamwork, and communication.   ",Data Analyst
"Frontend developer specializing in React, TypeScript, modern CSS, responsive design, and performance optimization for web applications. Candidate ID: 171. Additional skills include problem-solving, teamwork, and communication.                                              ",Frontend Developer
"Frontend developer specializing in React, TypeScript, modern CSS, responsive design, and performance optimization for web applications. Candidate ID: 172. Additional skills include problem-solving, teamwork, and communication.                                                  ",Frontend Developer
"Data analyst with strong SQL skills, experience in Tableau, Power BI, statistical analysis, and business intelligence reporting. Candidate ID: 173. Additional skills include problem-solving, teamwork, and communication.                       ",Data Analyst
"Software engineer specializing in backend development with Java, Spring Boot, microservices architecture, and cloud technologies including AWS and Docker. Candidate ID: 174. Additional skills include problem-solving, teamwork, and communication.                           ",Software Engineer
"Full stack developer proficient in MERN stack, GraphQL, database design, and end-to-end web application development. Candidate ID: 175. Additional skills include problem-solving, teamwork, and communication.  ",Full Stack Developer
"Full stack developer proficient in MERN stack, GraphQL, database design, and end-to-end web application development. Candidate ID: 176. Additional skills include problem-solving, teamwork, and communication.                 ",Full Stack Developer
"Frontend developer specializing in React, TypeScript, modern CSS, responsive design, and performance optimization for web applications. Candidate ID: 177. Additional skills include problem-solving, teamwork, and communication.                                 ",Frontend Developer
"Backend developer with expertise in Node.js, PostgreSQL, Redis, API design, and building scalable distributed systems. Candidate ID: 178. Additional skills include problem-solving, teamwork, and communication.                                           ",Backend Developer
"Data analyst with strong SQL skills, experience in Tableau, Power BI, statistical analysis, and business intelligence reporting. Candidate ID: 179. Additional skills include problem-solving, teamwork, and communication.                                                ",Data Analyst
"Machine learning engineer with deep learning expertise, PyTorch, computer vision, NLP, and deployment of ML models at scale. Candidate ID: 180. Additional skills include problem-solving, teamwork, and communication.                             ",Machine Learning Engineer
"Full stack developer proficient in MERN stack, GraphQL, database design, and end-to-end web application development. Candidate ID: 181. Additional skills include problem-solving, teamwork, and communication.                          ",Full Stack Developer
"Product manager with 5+ years experience in agile methodologies, user research, product strategy, and cross-functional team leadership. Candidate ID: 182. Additional skills include problem-solving, teamwork, and communication.                                                  ",Product Manager
"Backend developer with expertise in Node.js, PostgreSQL, Redis, API design, and building scalable distributed systems. Candidate ID: 183. Additional skills include problem-solving, teamwork, and communication.                        ",Backend Developer
"Full stack developer proficient in MERN stack, GraphQL, database design, and end-to-end web application development. Candidate ID: 184. Additional skills include problem-solving, teamwork, and communication.       ",Full Stack Developer
"Backend developer with expertise in Node.js, PostgreSQL, Redis, API design, and building scalable distributed systems. Candidate ID: 185. Additional skills include problem-solving, teamwork, and communication.                                    ",Backend Developer
"UX designer proficient in Figma, user research, wireframing, prototyping, and usability testing. Created intuitive interfaces for web and mobile applications. Candidate ID: 186. Additional skills include problem-solving, teamwork, and communication. ",UX Designer
"Frontend developer specializing in React, TypeScript, modern CSS, responsive design, and performance optimization for web applications. Candidate ID: 187. Additional skills include problem-solving, teamwork, and communication.                                              ",Frontend Developer
"Product manager with 5+ years experience in agile methodologies, user research, product strategy, and cross-functional team leadership. Candidate ID: 188. Additional skills include problem-solving, teamwork, and communication.                       ",Product Manager
"Software engineer specializing in backend development with Java, Spring Boot, microservices architecture, and cloud technologies including AWS and Docker. Candidate ID: 189. Additional skills include problem-solving, teamwork, and communication.  ",Software Engineer
"Machine learning engineer with deep learning expertise, PyTorch, computer vision, NLP, and deployment of ML models at scale. Candidate ID: 190. Additional skills include problem-solving, teamwork, and communication.                      ",Machine Learning Engineer
"Product manager with 5+ years experience in agile methodologies, user research, product strategy, and cross-functional team leadership. Candidate ID: 191. Additional skills include problem-solving, teamwork, and communication.                         ",Product Manager
"Full stack developer proficient in MERN stack, GraphQL, database design, and end-to-end web application development. Candidate ID: 192. Additional skills include problem-solving, teamwork, and communication.                      ",Full Stack Developer
"Full stack developer proficient in MERN stack, GraphQL, database design, and end-to-end web application development. Candidate ID: 193. Additional skills include problem-solving, teamwork, and communication.                      ",Full Stack Developer
"Experienced data scientist with expertise in machine learning, Python, TensorFlow, and statistical analysis. Led multiple projects in predictive modeling and data visualization. Candidate ID: 194. Additional skills include problem-solving, teamwork, and communication.                                          ",Data Scientist
"Data analyst with strong SQL skills, experience in Tableau, Power BI, statistical analysis, and business intelligence reporting. Candidate ID: 195. Additional skills include problem-solving, teamwork, and communication.               ",Data Analyst
"Data analyst with strong SQL skills, experience in Tableau, Power BI, statistical analysis, and business intelligence reporting. Candidate ID: 196. Additional skills include problem-solving, teamwork, and communication.                                           ",Data Analyst
"DevOps engineer skilled in CI/CD pipelines, Kubernetes, Terraform, monitoring systems, and infrastructure automation using Python and Bash scripting. Candidate ID: 197. Additional skills include problem-solving, teamwork, and communication.                                 ",DevOps Engineer
"Frontend developer specializing in React, TypeScript, modern CSS, responsive design, and performance optimization for web applications. Candidate ID: 198. Additional skills include problem-solving, teamwork, and communication.                                            ",Frontend Developer
"DevOps engineer skilled in CI/CD pipelines, Kubernetes, Terraform, monitoring systems, and infrastructure automation using Python and Bash scripting. Candidate ID: 199. Additional skills include problem-solving, teamwork, and communication.                                       ",DevOps Engineer
"UX designer proficient in Figma, user research, wireframing, prototyping, and usability testing. Created intuitive interfaces for web and mobile applications. Candidate ID: 200. Additional skills include problem-solving, teamwork, and communication.      ",UX Designer
"UX designer proficient in Figma, user research, wireframing, prototyping, and usability testing. Created intuitive interfaces for web and mobile applications. Candidate ID: 201. Additional skills include problem-solving, teamwork, and communication.                              ",UX Designer
"Product manager with 5+ years experience in agile methodologies, user research, product strategy, and cross-functional team leadership. Candidate ID: 202. Additional skills include problem-solving, teamwork, and communication.                                        ",Product Manager
"UX designer proficient in Figma, user research, wireframing, prototyping, and usability testing. Created intuitive interfaces for web and mobile applications. Candidate ID: 203. Additional skills include problem-solving, teamwork, and communication.                ",UX Designer
"Software engineer specializing in backend development with Java, Spring Boot, microservices architecture, and cloud technologies including AWS and Docker. Candidate ID: 204. Additional skills include problem-solving, teamwork, and communication.                                          ",Software Engineer
"Product manager with 5+ years experience in agile methodologies, user research, product strategy, and cross-functional team leadership. Candidate ID: 205. Additional skills include problem-solving, teamwork, and communication.                 ",Product Manager
"Frontend developer specializing in React, TypeScript, modern CSS, responsive design, and performance optimization for web applications. Candidate ID: 206. Additional skills include problem-solving, teamwork, and communication.                   ",Frontend Developer
"Full stack developer proficient in MERN stack, GraphQL, database design, and end-to-end web application development. Candidate ID: 207. Additional skills include problem-solving, teamwork, and communication.                          ",Full Stack Developer
"DevOps engineer skilled in CI/CD pipelines, Kubernetes, Terraform, monitoring systems, and infrastructure automation using Python and Bash scripting. Candidate ID: 208. Additional skills include problem-solving, teamwork, and communication.                          ",DevOps Engineer
"DevOps engineer skilled in CI/CD pipelines, Kubernetes, Terraform, monitoring systems, and infrastructure automation using Python and Bash scripting. Candidate ID: 209. Additional skills include problem-solving, teamwork, and communication.                       ",DevOps Engineer
"Backend developer with expertise in Node.js, PostgreSQL, Redis, API design, and building scalable distributed systems. Candidate ID: 210. Additional skills include problem-solving, teamwork, and communication.            ",Backend Developer
"DevOps engineer skilled in CI/CD pipelines, Kubernetes, Terraform, monitoring systems, and infrastructure automation using Python and Bash scripting. Candidate ID: 211. Additional skills include problem-solving, teamwork, and communication. ",DevOps Engineer
"Full stack developer proficient in MERN stack, GraphQL, database design, and end-to-end web application development. Candidate ID: 212. Additional skills include problem-solving, teamwork, and communication. ",Full Stack Developer
"Software engineer specializing in backend development with Java, Spring Boot, microservices architecture, and cloud technologies including AWS and Docker. Candidate ID: 213. Additional skills include problem-solving, teamwork, and communication.                                ",Software Engineer
"Data analyst with strong SQL skills, experience in Tableau, Power BI, statistical analysis, and business intelligence reporting. Candidate ID: 214. Additional skills include problem-solving, teamwork, and communication.                                                ",Data Analyst
"Backend developer with expertise in Node.js, PostgreSQL, Redis, API design, and building scalable distributed systems. Candidate ID: 215. Additional skills include problem-solving, teamwork, and communication.                                        ",Backend Developer
"DevOps engineer skilled in CI/CD pipelines, Kubernetes, Terraform, monitoring systems, and infrastructure automation using Python and Bash scripting. Candidate ID: 216. Additional skills include problem-solving, teamwork, and communication. ",DevOps Engineer
"Machine learning engineer with deep learning expertise, PyTorch, computer vision, NLP, and deployment of ML models at scale. Candidate ID: 217. Additional skills include problem-solving, teamwork, and communication.     ",Machine Learning Engineer
"Data analyst with strong SQL skills, experience in Tableau, Power BI, statistical analysis, and business intelligence reporting. Candidate ID: 218. Additional skills include problem-solving, teamwork, and communication.                             ",Data Analyst
"Machine learning engineer with deep learning expertise, PyTorch, computer vision, NLP, and deployment of ML models at scale. Candidate ID: 219. Additional skills include problem-solving, teamwork, and communication.   ",Machine Learning Engineer
"Full stack developer proficient in MERN stack, GraphQL, database design, and end-to-end web application development. Candidate ID: 220. Additional skills include problem-solving, teamwork, and communication.                ",Full Stack Developer
"Product manager with 5+ years experience in agile methodologies, user research, product strategy, and cross-functional team leadership. Candidate ID: 221. Additional skills include problem-solving, teamwork, and communication.                                     ",Product Manager
"Data analyst with strong SQL skills, experience in Tableau, Power BI, statistical analysis, and business intelligence reporting. Candidate ID: 222. Additional skills include problem-solving, teamwork, and communication.                             ",Data Analyst
"DevOps engineer skilled in CI/CD pipelines, Kubernetes, Terraform, monitoring systems, and infrastructure automation using Python and Bash scripting. Candidate ID: 223. Additional skills include problem-solving, teamwork, and communication.                                               ",DevOps Engineer
"Experienced data scientist with expertise in machine learning, Python, TensorFlow, and statistical analysis. Led multiple projects in predictive modeling and data visualization. Candidate ID: 224. Additional skills include problem-solving, teamwork, and communication.                              ",Data Scientist
"UX designer proficient in Figma, user research, wireframing, prototyping, and usability testing. Created intuitive interfaces for web and mobile applications. Candidate ID: 225. Additional skills include problem-solving, teamwork, and communication.     ",UX Designer
"Full stack developer proficient in MERN stack, GraphQL, database design, and end-to-end web application development. Candidate ID: 226. Additional skills include problem-solving, teamwork, and communication.                          ",Full Stack Developer
"DevOps engineer skilled in CI/CD pipelines, Kubernetes, Terraform, monitoring systems, and infrastructure automation using Python and Bash scripting. Candidate ID: 227. Additional skills include problem-solving, teamwork, and communication.                                       ",DevOps Engineer
"UX designer proficient in Figma, user research, wireframing, prototyping, and usability testing. Created intuitive interfaces for web and mobile applications. Candidate ID: 228. Additional skills include problem-solving, teamwork, and communication.                                 ",UX Designer
"DevOps engineer skilled in CI/CD pipelines, Kubernetes, Terraform, monitoring systems, and infrastructure automation using Python and Bash scripting. Candidate ID: 229. Additional skills include problem-solving, teamwork, and communication.                       ",DevOps Engineer
"Full stack developer proficient in MERN stack, GraphQL, database design, and end-to-end web application development. Candidate ID: 230. Additional skills include problem-solving, teamwork, and communication.          ",Full Stack Developer
"Data analyst with strong SQL skills, experience in Tableau, Power BI, statistical analysis, and business intelligence reporting. Candidate ID: 231. Additional skills include problem-solving, teamwork, and communication.     ",Data Analyst
"UX designer proficient in Figma, user research, wireframing, prototyping, and usability testing. Created intuitive interfaces for web and mobile applications. Candidate ID: 232. Additional skills include problem-solving, teamwork, and communication.                                  ",UX Designer
"UX designer proficient in Figma, user research, wireframing, prototyping, and usability testing. Created intuitive interfaces for web and mobile applications. Candidate ID: 233. Additional skills include problem-solving, teamwork, and communication.                               ",UX Designer
"Full stack developer proficient in MERN stack, GraphQL, database design, and end-to-end web application development. Candidate ID: 234. Additional skills include problem-solving, teamwork, and communication.                   ",Full Stack Developer
"Full stack developer proficient in MERN stack, GraphQL, database design, and end-to-end web application development. Candidate ID: 235. Additional skills include problem-solving, teamwork, and communication.                                ",Full Stack Developer
"Experienced data scientist with expertise in machine learning, Python, TensorFlow, and statistical analysis. Led multiple projects in predictive modeling and data visualization. Candidate ID: 236. Additional skills include problem-solving, teamwork, and communication.     ",Data Scientist
"UX designer proficient in Figma, user research, wireframing, prototyping, and usability testing. Created intuitive interfaces for web and mobile applications. Candidate ID: 237. Additional skills include problem-solving, teamwork, and communication.                ",UX Designer
"Frontend developer specializing in React, TypeScript, modern CSS, responsive design, and performance optimization for web applications. Candidate ID: 238. Additional skills include problem-solving, teamwork, and communication.                ",Frontend Developer
"Machine learning engineer with deep learning expertise, PyTorch, computer vision, NLP, and deployment of ML models at scale. Candidate ID: 239. Additional skills include problem-solving, teamwork, and communication.  ",Machine Learning Engineer
"Experienced data scientist with expertise in machine learning, Python, TensorFlow, and statistical analysis. Led multiple projects in predictive modeling and data visualization. Candidate ID: 240. Additional skills include problem-solving, teamwork, and communication.                            ",Data Scientist
"UX designer proficient in Figma, user research, wireframing, prototyping, and usability testing. Created intuitive interfaces for web and mobile applications. Candidate ID: 241. Additional skills include problem-solving, teamwork, and communication.                        ",UX Designer
"Software engineer specializing in backend development with Java, Spring Boot, microservices architecture, and cloud technologies including AWS and Docker. Candidate ID: 242. Additional skills include problem-solving, teamwork, and communication.                                   ",Software Engineer
"Experienced data scientist with expertise in machine learning, Python, TensorFlow, and statistical analysis. Led multiple projects in predictive modeling and data visualization. Candidate ID: 243. Additional skills include problem-solving, teamwork, and communication.                                 ",Data Scientist
"Product manager with 5+ years experience in agile methodologies, user research, product strategy, and cross-functional team leadership. Candidate ID: 244. Additional skills include problem-solving, teamwork, and communication.                                           ",Product Manager
"DevOps engineer skilled in CI/CD pipelines, Kubernetes, Terraform, monitoring systems, and infrastructure automation using Python and Bash scripting. Candidate ID: 245. Additional skills include problem-solving, teamwork, and communication.            ",DevOps Engineer
"Product manager with 5+ years experience in agile methodologies, user research, product strategy, and cross-functional team leadership. Candidate ID: 246. Additional skills include problem-solving, teamwork, and communication. ",Product Manager
"Experienced data scientist with expertise in machine learning, Python, TensorFlow, and statistical analysis. Led multiple projects in predictive modeling and data visualization. Candidate ID: 247. Additional skills include problem-solving, teamwork, and communication.                                        ",Data Scientist
"Full stack developer proficient in MERN stack, GraphQL, database design, and end-to-end web application development. Candidate ID: 248. Additional skills include problem-solving, teamwork, and communication.                                           ",Full Stack Developer
"Software engineer specializing in backend development with Java, Spring Boot, microservices architecture, and cloud technologies including AWS and Docker. Candidate ID: 249. Additional skills include problem-solving, teamwork, and communication.                                                  ",Software Engineer
"Product manager with 5+ years experience in agile methodologies, user research, product strategy, and cross-functional team leadership. Candidate ID: 250. Additional skills include problem-solving, teamwork, and communication.                       ",Product Manager
"Experienced data scientist with expertise in machine learning, Python, TensorFlow, and statistical analysis. Led multiple projects in predictive modeling and data visualization. Candidate ID: 251. Additional skills include problem-solving, teamwork, and communication.                          ",Data Scientist
"Frontend developer specializing in React, TypeScript, modern CSS, responsive design, and performance optimization for web applications. Candidate ID: 252. Additional skills include problem-solving, teamwork, and communication.                             ",Frontend Developer
"Full stack developer proficient in MERN stack, GraphQL, database design, and end-to-end web application development. Candidate ID: 253. Additional skills include problem-solving, teamwork, and communication.          ",Full Stack Developer
"Full stack developer proficient in MERN stack, GraphQL, database design, and end-to-end web application development. Candidate ID: 254. Additional skills include problem-solving, teamwork, and communication.                                  ",Full Stack Developer
"Product manager with 5+ years experience in agile methodologies, user research, product strategy, and cross-functional team leadership. Candidate ID: 255. Additional skills include problem-solving, teamwork, and communication.                                         ",Product Manager
"Machine learning engineer with deep learning expertise, PyTorch, computer vision, NLP, and deployment of ML models at scale. Candidate ID: 256. Additional skills include problem-solving, teamwork, and communication.    ",Machine Learning Engineer
"Full stack developer proficient in MERN stack, GraphQL, database design, and end-to-end web application development. Candidate ID: 257. Additional skills include problem-solving, teamwork, and communication.                                                  ",Full Stack Developer
"Frontend developer specializing in React, TypeScript, modern CSS, responsive design, and performance optimization for web applications. Candidate ID: 258. Additional skills include problem-solving, teamwork, and communication.                                    ",Frontend Developer
"Backend developer with expertise in Node.js, PostgreSQL, Redis, API design, and building scalable distributed systems. Candidate ID: 259. Additional skills include problem-solving, teamwork, and communication.                     ",Backend Developer
"Backend developer with expertise in Node.js, PostgreSQL, Redis, API design, and building scalable distributed systems. Candidate ID: 260. Additional skills include problem-solving, teamwork, and communication.                                    ",Backend Developer
"Full stack developer proficient in MERN stack, GraphQL, database design, and end-to-end web application development. Candidate ID: 261. Additional skills include problem-solving, teamwork, and communication.                                     ",Full Stack Developer
"Backend developer with expertise in Node.js, PostgreSQL, Redis, API design, and building scalable distributed systems. Candidate ID: 262. Additional skills include problem-solving, teamwork, and communication.                        ",Backend Developer
"Product manager with 5+ years experience in agile methodologies, user research, product strategy, and cross-functional team leadership. Candidate ID: 263. Additional skills include problem-solving, teamwork, and communication.                                                 ",Product Manager
"Product manager with 5+ years experience in agile methodologies, user research, product strategy, and cross-functional team leadership. Candidate ID: 264. Additional skills include problem-solving, teamwork, and communication.                                                ",Product Manager
"UX designer proficient in Figma, user research, wireframing, prototyping, and usability testing. Created intuitive interfaces for web and mobile applications. Candidate ID: 265. Additional skills include problem-solving, teamwork, and communication.                  ",UX Designer
"Experienced data scientist with expertise in machine learning, Python, TensorFlow, and statistical analysis. Led multiple projects in predictive modeling and data visualization. Candidate ID: 266. Additional skills include problem-solving, teamwork, and communication.                                       ",Data Scientist
"Frontend developer specializing in React, TypeScript, modern CSS, responsive design, and performance optimization for web applications. Candidate ID: 267. Additional skills include problem-solving, teamwork, and communication.                       ",Frontend Developer
"DevOps engineer skilled in CI/CD pipelines, Kubernetes, Terraform, monitoring systems, and infrastructure automation using Python and Bash scripting. Candidate ID: 268. Additional skills include problem-solving, teamwork, and communication.            ",DevOps Engineer
"Experienced data scientist with expertise in machine learning, Python, TensorFlow, and statistical analysis. Led multiple projects in predictive modeling and data visualization. Candidate ID: 269. Additional skills include problem-solving, teamwork, and communication.             ",Data Scientist
"Machine learning engineer with deep learning expertise, PyTorch, computer vision, NLP, and deployment of ML models at scale. Candidate ID: 270. Additional skills include problem-solving, teamwork, and communication.                         ",Machine Learning Engineer
"Product manager with 5+ years experience in agile methodologies, user research, product strategy, and cross-functional team leadership. Candidate ID: 271. Additional skills include problem-solving, teamwork, and communication.                                         ",Product Manager
"Experienced data scientist with expertise in machine learning, Python, TensorFlow, and statistical analysis. Led multiple projects in predictive modeling and data visualization. Candidate ID: 272. Additional skills include problem-solving, teamwork, and communication.                                                 ",Data Scientist
"UX designer proficient in Figma, user research, wireframing, prototyping, and usability testing. Created intuitive interfaces for web and mobile applications. Candidate ID: 273. Additional skills include problem-solving, teamwork, and communication.                                                ",UX Designer
"Backend developer with expertise in Node.js, PostgreSQL, Redis, API design, and building scalable distributed systems. Candidate ID: 274. Additional skills include problem-solving, teamwork, and communication.                      ",Backend Developer
"Product manager with 5+ years experience in agile methodologies, user research, product strategy, and cross-functional team leadership. Candidate ID: 275. Additional skills include problem-solving, teamwork, and communication.                                                 ",Product Manager
"UX designer proficient in Figma, user research, wireframing, prototyping, and usability testing. Created intuitive interfaces for web and mobile applications. Candidate ID: 276. Additional skills include problem-solving, teamwork, and communication.            ",UX Designer
"Backend developer with expertise in Node.js, PostgreSQL, Redis, API design, and building scalable distributed systems. Candidate ID: 277. Additional skills include problem-solving, teamwork, and communication.                   ",Backend Developer
"Backend developer with expertise in Node.js, PostgreSQL, Redis, API design, and building scalable distributed systems. Candidate ID: 278. Additional skills include problem-solving, teamwork, and communication.       ",Backend Developer
"UX designer proficient in Figma, user research, wireframing, prototyping, and usability testing. Created intuitive interfaces for web and mobile applications. Candidate ID: 279. Additional skills include problem-solving, teamwork, and communication.                   ",UX Designer
"Full stack developer proficient in MERN stack, GraphQL, database design, and end-to-end web application development. Candidate ID: 280. Additional skills include problem-solving, teamwork, and communication.                                               ",Full Stack Developer
"DevOps engineer skilled in CI/CD pipelines, Kubernetes, Terraform, monitoring systems, and infrastructure automation using Python and Bash scripting. Candidate ID: 281. Additional skills include problem-solving, teamwork, and communication.     ",DevOps Engineer
"Product manager with 5+ years experience in agile methodologies, user research, product strategy, and cross-functional team leadership. Candidate ID: 282. Additional skills include problem-solving, teamwork, and communication.            ",Product Manager
"Backend developer with expertise in Node.js, PostgreSQL, Redis, API design, and building scalable distributed systems. Candidate ID: 283. Additional skills include problem-solving, teamwork, and communication.                     ",Backend Developer
"UX designer proficient in Figma, user research, wireframing, prototyping, and usability testing. Created intuitive interfaces for web and mobile applications. Candidate ID: 284. Additional skills include problem-solving, teamwork, and communication.                       ",UX Designer
"Backend developer with expertise in Node.js, PostgreSQL, Redis, API design, and building scalable distributed systems. Candidate ID: 285. Additional skills include problem-solving, teamwork, and communication.                                       ",Backend Developer
"DevOps engineer skilled in CI/CD pipelines, Kubernetes, Terraform, monitoring systems, and infrastructure automation using Python and Bash scripting. Candidate ID: 286. Additional skills include problem-solving, teamwork, and communication.                                          ",DevOps Engineer
"Full stack developer proficient in MERN stack, GraphQL, database design, and end-to-end web application development. Candidate ID: 287. Additional skills include problem-solving, teamwork, and communication.                                       ",Full Stack Developer
"Full stack developer proficient in MERN stack, GraphQL, database design, and end-to-end web application development. Candidate ID: 288. Additional skills include problem-solving, teamwork, and communication.     ",Full Stack Developer
"Product manager with 5+ years experience in agile methodologies, user research, product strategy, and cross-functional team leadership. Candidate ID: 289. Additional skills include problem-solving, teamwork, and communication.                       ",Product Manager
"Software engineer specializing in backend development with Java, Spring Boot, microservices architecture, and cloud technologies including AWS and Docker. Candidate ID: 290. Additional skills include problem-solving, teamwork, and communication.                                               ",Software Engineer
"Backend developer with expertise in Node.js, PostgreSQL, Redis, API design, and building scalable distributed systems. Candidate ID: 291. Additional skills include problem-solving, teamwork, and communication.          ",Backend Developer
"Full stack developer proficient in MERN stack, GraphQL, database design, and end-to-end web application development. Candidate ID: 292. Additional skills include problem-solving, teamwork, and communication.                                            ",Full Stack Developer
"Experienced data scientist with expertise in machine learning, Python, TensorFlow, and statistical analysis. Led multiple projects in predictive modeling and data visualization. Candidate ID: 293. Additional skills include problem-solving, teamwork, and communication.                                      ",Data Scientist
"Machine learning engineer with deep learning expertise, PyTorch, computer vision, NLP, and deployment of ML models at scale. Candidate ID: 294. Additional skills include problem-solving, teamwork, and communication.                                              ",Machine Learning Engineer
"Frontend developer specializing in React, TypeScript, modern CSS, responsive design, and performance optimization for web applications. Candidate ID: 295. Additional skills include problem-solving, teamwork, and communication.                                          ",Frontend Developer
"Backend developer with expertise in Node.js, PostgreSQL, Redis, API design, and building scalable distributed systems. Candidate ID: 296. Additional skills include problem-solving, teamwork, and communication.                                                  ",Backend Developer
"Full stack developer proficient in MERN stack, GraphQL, database design, and end-to-end web application development. Candidate ID: 297. Additional skills include problem-solving, teamwork, and communication.  ",Full Stack Developer
"DevOps engineer skilled in CI/CD pipelines, Kubernetes, Terraform, monitoring systems, and infrastructure automation using Python and Bash scripting. Candidate ID: 298. Additional skills include problem-solving, teamwork, and communication.                             ",DevOps Engineer
"DevOps engineer skilled in CI/CD pipelines, Kubernetes, Terraform, monitoring systems, and infrastructure automation using Python and Bash scripting. Candidate ID: 299. Additional skills include problem-solving, teamwork, and communication.                                      ",DevOps Engineer
"Product manager with 5+ years experience in agile methodologies, user research, product strategy, and cross-functional team leadership. Candidate ID: 300. Additional skills include problem-solving, teamwork, and communication.        ",Product Manager
"Experienced data scientist with expertise in machine learning, Python, TensorFlow, and statistical analysis. Led multiple projects in predictive modeling and data visualization. Candidate ID: 301. Additional skills include problem-solving, teamwork, and communication.                      ",Data Scientist
"UX designer proficient in Figma, user research, wireframing, prototyping, and usability testing. Created intuitive interfaces for web and mobile applications. Candidate ID: 302. Additional skills include problem-solving, teamwork, and communication.                 ",UX Designer
"Machine learning engineer with deep learning expertise, PyTorch, computer vision, NLP, and deployment of ML models at scale. Candidate ID: 303. Additional skills include problem-solving, teamwork, and communication.                         ",Machine Learning Engineer
"UX designer proficient in Figma, user research, wireframing, prototyping, and usability testing. Created intuitive interfaces for web and mobile applications. Candidate ID: 304. Additional skills include problem-solving, teamwork, and communication.                                    ",UX Designer
"Data analyst with strong SQL skills, experience in Tableau, Power BI, statistical analysis, and business intelligence reporting. Candidate ID: 305. Additional skills include problem-solving, teamwork, and communication.                               ",Data Analyst
"Product manager with 5+ years experience in agile methodologies, user research, product strategy, and cross-functional team leadership. Candidate ID: 306. Additional skills include problem-solving, teamwork, and communication.                                            ",Product Manager
"Data analyst with strong SQL skills, experience in Tableau, Power BI, statistical analysis, and business intelligence reporting. Candidate ID: 307. Additional skills include problem-solving, teamwork, and communication.                                       ",Data Analyst
"Full stack developer proficient in MERN stack, GraphQL, database design, and end-to-end web application development. Candidate ID: 308. Additional skills include problem-solving, teamwork, and communication.                          ",Full Stack Developer
"Product manager with 5+ years experience in agile methodologies, user research, product strategy, and cross-functional team leadership. Candidate ID: 309. Additional skills include problem-solving, teamwork, and communication.                                       ",Product Manager
"Product manager with 5+ years experience in agile methodologies, user research, product strategy, and cross-functional team leadership. Candidate ID: 310. Additional skills include problem-solving, teamwork, and communication.                                             ",Product Manager
"Software engineer specializing in backend development with Java, Spring Boot, microservices architecture, and cloud technologies including AWS and Docker. Candidate ID: 311. Additional skills include problem-solving, teamwork, and communication.                            ",Software Engineer
"Full stack developer proficient in MERN stack, GraphQL, database design, and end-to-end web application development. Candidate ID: 312. Additional skills include problem-solving, teamwork, and communication.                    ",Full Stack Developer
"Frontend developer specializing in React, TypeScript, modern CSS, responsive design, and performance optimization for web applications. Candidate ID: 313. Additional skills include problem-solving, teamwork, and communication.                                         ",Frontend Developer
"Machine learning engineer with deep learning expertise, PyTorch, computer vision, NLP, and deployment of ML models at scale. Candidate ID: 314. Additional skills include problem-solving, teamwork, and communication. ",Machine Learning Engineer
"Product manager with 5+ years experience in agile methodologies, user research, product strategy, and cross-functional team leadership. Candidate ID: 315. Additional skills include problem-solving, teamwork, and communication.             ",Product Manager
"Backend developer with expertise in Node.js, PostgreSQL, Redis, API design, and building scalable distributed systems. Candidate ID: 316. Additional skills include problem-solving, teamwork, and communication.                                                 ",Backend Developer
"Backend developer with expertise in Node.js, PostgreSQL, Redis, API design, and building scalable distributed systems. Candidate ID: 317. Additional skills include problem-solving, teamwork, and communication.                                 ",Backend Developer
"Data analyst with strong SQL skills, experience in Tableau, Power BI, statistical analysis, and business intelligence reporting. Candidate ID: 318. Additional skills include problem-solving, teamwork, and communication.      ",Data Analyst
"Full stack developer proficient in MERN stack, GraphQL, database design, and end-to-end web application development. Candidate ID: 319. Additional skills include problem-solving, teamwork, and communication.                                            ",Full Stack Developer
"DevOps engineer skilled in CI/CD pipelines, Kubernetes, Terraform, monitoring systems, and infrastructure automation using Python and Bash scripting. Candidate ID: 320. Additional skills include problem-solving, teamwork, and communication.                ",DevOps Engineer
"Data analyst with strong SQL skills, experience in Tableau, Power BI, statistical analysis, and business intelligence reporting. Candidate ID: 321. Additional skills include problem-solving, teamwork, and communication.                     ",Data Analyst
"DevOps engineer skilled in CI/CD pipelines, Kubernetes, Terraform, monitoring systems, and infrastructure automation using Python and Bash scripting. Candidate ID: 322. Additional skills include problem-solving, teamwork, and communication.                                    ",DevOps Engineer
"Product manager with 5+ years experience in agile methodologies, user research, product strategy, and cross-functional team leadership. Candidate ID: 323. Additional skills include problem-solving, teamwork, and communication.                   ",Product Manager
"UX designer proficient in Figma, user research, wireframing, prototyping, and usability testing. Created intuitive interfaces for web and mobile applications. Candidate ID: 324. Additional skills include problem-solving, teamwork, and communication.                  ",UX Designer
"Backend developer with expertise in Node.js, PostgreSQL, Redis, API design, and building scalable distributed systems. Candidate ID: 325. Additional skills include problem-solving, teamwork, and communication.                                                 ",Backend Developer
"Experienced data scientist with expertise in machine learning, Python, TensorFlow, and statistical analysis. Led multiple projects in predictive modeling and data visualization. Candidate ID: 326. Additional skills include problem-solving, teamwork, and communication.   ",Data Scientist
"Machine learning engineer with deep learning expertise, PyTorch, computer vision, NLP, and deployment of ML models at scale. Candidate ID: 327. Additional skills include problem-solving, teamwork, and communication.           ",Machine Learning Engineer
"Full stack developer proficient in MERN stack, GraphQL, database design, and end-to-end web application development. Candidate ID: 328. Additional skills include problem-solving, teamwork, and communication.                                ",Full Stack Developer
"Frontend developer specializing in React, TypeScript, modern CSS, responsive design, and performance optimization for web applications. Candidate ID: 329. Additional skills include problem-solving, teamwork, and communication.                                      ",Frontend Developer
"Frontend developer specializing in React, TypeScript, modern CSS, responsive design, and performance optimization for web applications. Candidate ID: 330. Additional skills include problem-solving, teamwork, and communication.                            ",Frontend Developer
"DevOps engineer skilled in CI/CD pipelines, Kubernetes, Terraform, monitoring systems, and infrastructure automation using Python and Bash scripting. Candidate ID: 331. Additional skills include problem-solving, teamwork, and communication.        ",DevOps Engineer
"Full stack developer proficient in MERN stack, GraphQL, database design, and end-to-end web application development. Candidate ID: 332. Additional skills include problem-solving, teamwork, and communication.                            ",Full Stack Developer
"UX designer proficient in Figma, user research, wireframing, prototyping, and usability testing. Created intuitive interfaces for web and mobile applications. Candidate ID: 333. Additional skills include problem-solving, teamwork, and communication.                          ",UX Designer
"Frontend developer specializing in React, TypeScript, modern CSS, responsive design, and performance optimization for web applications. Candidate ID: 334. Additional skills include problem-solving, teamwork, and communication.                                                  ",Frontend Developer
"DevOps engineer skilled in CI/CD pipelines, Kubernetes, Terraform, monitoring systems, and infrastructure automation using Python and Bash scripting. Candidate ID: 335. Additional skills include problem-solving, teamwork, and communication.                                         ",DevOps Engineer
"UX designer proficient in Figma, user research, wireframing, prototyping, and usability testing. Created intuitive interfaces for web and mobile applications. Candidate ID: 336. Additional skills include problem-solving, teamwork, and communication.                           ",UX Designer
"Data analyst with strong SQL skills, experience in Tableau, Power BI, statistical analysis, and business intelligence reporting. Candidate ID: 337. Additional skills include problem-solving, teamwork, and communication.                 ",Data Analyst
"Backend developer with expertise in Node.js, PostgreSQL, Redis, API design, and building scalable distributed systems. Candidate ID: 338. Additional skills include problem-solving, teamwork, and communication.                                 ",Backend Developer
"DevOps engineer skilled in CI/CD pipelines, Kubernetes, Terraform, monitoring systems, and infrastructure automation using Python and Bash scripting. Candidate ID: 339. Additional skills include problem-solving, teamwork, and communication.                    ",DevOps Engineer
"Product manager with 5+ years experience in agile methodologies, user research, product strategy, and cross-functional team leadership. Candidate ID: 340. Additional skills include problem-solving, teamwork, and communication.      ",Product Manager
"Software engineer specializing in backend development with Java, Spring Boot, microservices architecture, and cloud technologies including AWS and Docker. Candidate ID: 341. Additional skills include problem-solving, teamwork, and communication.     ",Software Engineer
"Backend developer with expertise in Node.js, PostgreSQL, Redis, API design, and building scalable distributed systems. Candidate ID: 342. Additional skills include problem-solving, teamwork, and communication.  ",Backend Developer
"Full stack developer proficient in MERN stack, GraphQL, database design, and end-to-end web application development. Candidate ID: 343. Additional skills include problem-solving, teamwork, and communication.                              ",Full Stack Developer
"Software engineer specializing in backend development with Java, Spring Boot, microservices architecture, and cloud technologies including AWS and Docker. Candidate ID: 344. Additional skills include problem-solving, teamwork, and communication.                                             ",Software Engineer
"DevOps engineer skilled in CI/CD pipelines, Kubernetes, Terraform, monitoring systems, and infrastructure automation using Python and Bash scripting. Candidate ID: 345. Additional skills include problem-solving, teamwork, and communication.                                 ",DevOps Engineer
"Data analyst with strong SQL skills, experience in Tableau, Power BI, statistical analysis, and business intelligence reporting. Candidate ID: 346. Additional skills include problem-solving, teamwork, and communication. ",Data Analyst
"Software engineer specializing in backend development with Java, Spring Boot, microservices architecture, and cloud technologies including AWS and Docker. Candidate ID: 347. Additional skills include problem-solving, teamwork, and communication.                                ",Software Engineer
"Experienced data scientist with expertise in machine learning, Python, TensorFlow, and statistical analysis. Led multiple projects in predictive modeling and data visualization. Candidate ID: 348. Additional skills include problem-solving, teamwork, and communication.           ",Data Scientist
"DevOps engineer skilled in CI/CD pipelines, Kubernetes, Terraform, monitoring systems, and infrastructure automation using Python and Bash scripting. Candidate ID: 349. Additional skills include problem-solving, teamwork, and communication.                          ",DevOps Engineer
"Backend developer with expertise in Node.js, PostgreSQL, Redis, API design, and building scalable distributed systems. Candidate ID: 350. Additional skills include problem-solving, teamwork, and communication.                      ",Backend Developer
"Experienced data scientist with expertise in machine learning, Python, TensorFlow, and statistical analysis. Led multiple projects in predictive modeling and data visualization. Candidate ID: 351. Additional skills include problem-solving, teamwork, and communication.             ",Data Scientist
"Experienced data scientist with expertise in machine learning, Python, TensorFlow, and statistical analysis. Led multiple projects in predictive modeling and data visualization. Candidate ID: 352. Additional skills include problem-solving, teamwork, and communication.                                  ",Data Scientist
"Backend developer with expertise in Node.js, PostgreSQL, Redis, API design, and building scalable distributed systems. Candidate ID: 353. Additional skills include problem-solving, teamwork, and communication.                                   ",Backend Developer
"Experienced data scientist with expertise in machine learning, Python, TensorFlow, and statistical analysis. Led multiple projects in predictive modeling and data visualization. Candidate ID: 354. Additional skills include problem-solving, teamwork, and communication.                     ",Data Scientist
"Machine learning engineer with deep learning expertise, PyTorch, computer vision, NLP, and deployment of ML models at scale. Candidate ID: 355. Additional skills include problem-solving, teamwork, and communication.      ",Machine Learning Engineer
"Experienced data scientist with expertise in machine learning, Python, TensorFlow, and statistical analysis. Led multiple projects in predictive modeling and data visualization. Candidate ID: 356. Additional skills include problem-solving, teamwork, and communication.     ",Data Scientist
"DevOps engineer skilled in CI/CD pipelines, Kubernetes, Terraform, monitoring systems, and infrastructure automation using Python and Bash scripting. Candidate ID: 357. Additional skills include problem-solving, teamwork, and communication.                                      ",DevOps Engineer
"Product manager with 5+ years experience in agile methodologies, user research, product strategy, and cross-functional team leadership. Candidate ID: 358. Additional skills include problem-solving, teamwork, and communication.                       ",Product Manager
"DevOps engineer skilled in CI/CD pipelines, Kubernetes, Terraform, monitoring systems, and infrastructure automation using Python and Bash scripting. Candidate ID: 359. Additional skills include problem-solving, teamwork, and communication.                                     ",DevOps Engineer
"Full stack developer proficient in MERN stack, GraphQL, database design, and end-to-end web application development. Candidate ID: 360. Additional skills include problem-solving, teamwork, and communication.          ",Full Stack Developer
"Product manager with 5+ years experience in agile methodologies, user research, product strategy, and cross-functional team leadership. Candidate ID: 361. Additional skills include problem-solving, teamwork, and communication.                 ",Product Manager
"DevOps engineer skilled in CI/CD pipelines, Kubernetes, Terraform, monitoring systems, and infrastructure automation using Python and Bash scripting. Candidate ID: 362. Additional skills include problem-solving, teamwork, and communication.              ",DevOps Engineer
"Backend developer with expertise in Node.js, PostgreSQL, Redis, API design, and building scalable distributed systems. Candidate ID: 363. Additional skills include problem-solving, teamwork, and communication.                                              ",Backend Developer
"Experienced data scientist with expertise in machine learning, Python, TensorFlow, and statistical analysis. Led multiple projects in predictive modeling and data visualization. Candidate ID: 364. Additional skills include problem-solving, teamwork, and communication.                                             ",Data Scientist
"UX designer proficient in Figma, user research, wireframing, prototyping, and usability testing. Created intuitive interfaces for web and mobile applications. Candidate ID: 365. Additional skills include problem-solving, teamwork, and communication. ",UX Designer
"Experienced data scientist with expertise in machine learning, Python, TensorFlow, and statistical analysis. Led multiple projects in predictive modeling and data visualization. Candidate ID: 366. Additional skills include problem-solving, teamwork, and communication.                                        ",Data Scientist
"Software engineer specializing in backend development with Java, Spring Boot, microservices architecture, and cloud technologies including AWS and Docker. Candidate ID: 367. Additional skills include problem-solving, teamwork, and communication.                            ",Software Engineer
"Frontend developer specializing in React, TypeScript, modern CSS, responsive design, and performance optimization for web applications. Candidate ID: 368. Additional skills include problem-solving, teamwork, and communication.                                       ",Frontend Developer
"Full stack developer proficient in MERN stack, GraphQL, database design, and end-to-end web application development. Candidate ID: 369. Additional skills include problem-solving, teamwork, and communication.                                  ",Full Stack Developer
"Data analyst with strong SQL skills, experience in Tableau, Power BI, statistical analysis, and business intelligence reporting. Candidate ID: 370. Additional skills include problem-solving, teamwork, and communication.   ",Data Analyst
"Software engineer specializing in backend development with Java, Spring Boot, microservices architecture, and cloud technologies including AWS and Docker. Candidate ID: 371. Additional skills include problem-solving, teamwork, and communication.            ",Software Engineer
"Experienced data scientist with expertise in machine learning, Python, TensorFlow, and statistical analysis. Led multiple projects in predictive modeling and data visualization. Candidate ID: 372. Additional skills include problem-solving, teamwork, and communication.                                            ",Data Scientist
"DevOps engineer skilled in CI/CD pipelines, Kubernetes, Terraform, monitoring systems, and infrastructure automation using Python and Bash scripting. Candidate ID: 373. Additional skills include problem-solving, teamwork, and communication.                              ",DevOps Engineer
"Backend developer with expertise in Node.js, PostgreSQL, Redis, API design, and building scalable distributed systems. Candidate ID: 374. Additional skills include problem-solving, teamwork, and communication.                 ",Backend Developer
"Machine learning engineer with deep learning expertise, PyTorch, computer vision, NLP, and deployment of ML models at scale. Candidate ID: 375. Additional skills include problem-solving, teamwork, and communication.               ",Machine Learning Engineer
"DevOps engineer skilled in CI/CD pipelines, Kubernetes, Terraform, monitoring systems, and infrastructure automation using Python and Bash scripting. Candidate ID: 376. Additional skills include problem-solving, teamwork, and communication.                     ",DevOps Engineer
"Software engineer specializing in backend development with Java, Spring Boot, microservices architecture, and cloud technologies including AWS and Docker. Candidate ID: 377. Additional skills include problem-solving, teamwork, and communication.           ",Software Engineer
"Product manager with 5+ years experience in agile methodologies, user research, product strategy, and cross-functional team leadership. Candidate ID: 378. Additional skills include problem-solving, teamwork, and communication.                                       ",Product Manager
"Data analyst with strong SQL skills, experience in Tableau, Power BI, statistical analysis, and business intelligence reporting. Candidate ID: 379. Additional skills include problem-solving, teamwork, and communication.                                  ",Data Analyst
"Data analyst with strong SQL skills, experience in Tableau, Power BI, statistical analysis, and business intelligence reporting. Candidate ID: 380. Additional skills include problem-solving, teamwork, and communication.                                                  ",Data Analyst
"Software engineer specializing in backend development with Java, Spring Boot, microservices architecture, and cloud technologies including AWS and Docker. Candidate ID: 381. Additional skills include problem-solving, teamwork, and communication.                  ",Software Engineer
"Product manager with 5+ years experience in agile methodologies, user research, product strategy, and cross-functional team leadership. Candidate ID: 382. Additional skills include problem-solving, teamwork, and communication.                                  ",Product Manager
"UX designer proficient in Figma, user research, wireframing, prototyping, and usability testing. Created intuitive interfaces for web and mobile applications. Candidate ID: 383. Additional skills include problem-solving, teamwork, and communication.                                      ",UX Designer
"Experienced data scientist with expertise in machine learning, Python, TensorFlow, and statistical analysis. Led multiple projects in predictive modeling and data visualization. Candidate ID: 384. Additional skills include problem-solving, teamwork, and communication.                        ",Data Scientist
"Machine learning engineer with deep learning expertise, PyTorch, computer vision, NLP, and deployment of ML models at scale. Candidate ID: 385. Additional skills include problem-solving, teamwork, and communication.                                          ",Machine Learning Engineer
"Product manager with 5+ years experience in agile methodologies, user research, product strategy, and cross-functional team leadership. Candidate ID: 386. Additional skills include problem-solving, teamwork, and communication.                 ",Product Manager
"DevOps engineer skilled in CI/CD pipelines, Kubernetes, Terraform, monitoring systems, and infrastructure automation using Python and Bash scripting. Candidate ID: 387. Additional skills include problem-solving, teamwork, and communication.                             ",DevOps Engineer
"UX designer proficient in Figma, user research, wireframing, prototyping, and usability testing. Created intuitive interfaces for web and mobile applications. Candidate ID: 388. Additional skills include problem-solving, teamwork, and communication.          ",UX Designer
"Frontend developer specializing in React, TypeScript, modern CSS, responsive design, and performance optimization for web applications. Candidate ID: 389. Additional skills include problem-solving, teamwork, and communication.                 ",Frontend Developer
"Full stack developer proficient in MERN stack, GraphQL, database design, and end-to-end web application development. Candidate ID: 390. Additional skills include problem-solving, teamwork, and communication.                 ",Full Stack Developer
"UX designer proficient in Figma, user research, wireframing, prototyping, and usability testing. Created intuitive interfaces for web and mobile applications. Candidate ID: 391. Additional skills include problem-solving, teamwork, and communication.                        ",UX Designer
"DevOps engineer skilled in CI/CD pipelines, Kubernetes, Terraform, monitoring systems, and infrastructure automation using Python and Bash scripting. Candidate ID: 392. Additional skills include problem-solving, teamwork, and communication.                                  ",DevOps Engineer
"Data analyst with strong SQL skills, experience in Tableau, Power BI, statistical analysis, and business intelligence reporting. Candidate ID: 393. Additional skills include problem-solving, teamwork, and communication.  ",Data Analyst
"Product manager with 5+ years experience in agile methodologies, user research, product strategy, and cross-functional team leadership. Candidate ID: 394. Additional skills include problem-solving, teamwork, and communication.                                               ",Product Manager
"Backend developer with expertise in Node.js, PostgreSQL, Redis, API design, and building scalable distributed systems. Candidate ID: 395. Additional skills include problem-solving, teamwork, and communication.                       ",Backend Developer
"Machine learning engineer with deep learning expertise, PyTorch, computer vision, NLP, and deployment of ML models at scale. Candidate ID: 396. Additional skills include problem-solving, teamwork, and communication.                ",Machine Learning Engineer
"Data analyst with strong SQL skills, experience in Tableau, Power BI, statistical analysis, and business intelligence reporting. Candidate ID: 397. Additional skills include problem-solving, teamwork, and communication.                ",Data Analyst
"Frontend developer specializing in React, TypeScript, modern CSS, responsive design, and performance optimization for web applications. Candidate ID: 398. Additional skills include problem-solving, teamwork, and communication.    ",Frontend Developer
"Frontend developer specializing in React, TypeScript, modern CSS, responsive design, and performance optimization for web applications. Candidate ID: 399. Additional skills include problem-solving, teamwork, and communication.    ",Frontend Developer
"Frontend developer specializing in React, TypeScript, modern CSS, responsive design, and performance optimization for web applications. Candidate ID: 400. Additional skills include problem-solving, teamwork, and communication.                         ",Frontend Developer
"Product manager with 5+ years experience in agile methodologies, user research, product strategy, and cross-functional team leadership. Candidate ID: 401. Additional skills include problem-solving, teamwork, and communication.                                ",Product Manager
"Product manager with 5+ years experience in agile methodologies, user research, product strategy, and cross-functional team leadership. Candidate ID: 402. Additional skills include problem-solving, teamwork, and communication.                           ",Product Manager
"Software engineer specializing in backend development with Java, Spring Boot, microservices architecture, and cloud technologies including AWS and Docker. Candidate ID: 403. Additional skills include problem-solving, teamwork, and communication.                   ",Software Engineer
"DevOps engineer skilled in CI/CD pipelines, Kubernetes, Terraform, monitoring systems, and infrastructure automation using Python and Bash scripting. Candidate ID: 404. Additional skills include problem-solving, teamwork, and communication.     ",DevOps Engineer
"Software engineer specializing in backend development with Java, Spring Boot, microservices architecture, and cloud technologies including AWS and Docker. Candidate ID: 405. Additional skills include problem-solving, teamwork, and communication.                            ",Software Engineer
"Full stack developer proficient in MERN stack, GraphQL, database design, and end-to-end web application development. Candidate ID: 406. Additional skills include problem-solving, teamwork, and communication.                      ",Full Stack Developer
"DevOps engineer skilled in CI/CD pipelines, Kubernetes, Terraform, monitoring systems, and infrastructure automation using Python and Bash scripting. Candidate ID: 407. Additional skills include problem-solving, teamwork, and communication.      ",DevOps Engineer
"Experienced data scientist with expertise in machine learning, Python, TensorFlow, and statistical analysis. Led multiple projects in predictive modeling and data visualization. Candidate ID: 408. Additional skills include problem-solving, teamwork, and communication.     ",Data Scientist
"Backend developer with expertise in Node.js, PostgreSQL, Redis, API design, and building scalable distributed systems. Candidate ID: 409. Additional skills include problem-solving, teamwork, and communication.            ",Backend Developer
"Full stack developer proficient in MERN stack, GraphQL, database design, and end-to-end web application development. Candidate ID: 410. Additional skills include problem-solving, teamwork, and communication.                                              ",Full Stack Developer
"Software engineer specializing in backend development with Java, Spring Boot, microservices architecture, and cloud technologies including AWS and Docker. Candidate ID: 411. Additional skills include problem-solving, teamwork, and communication.                                                 ",Software Engineer
"Full stack developer proficient in MERN stack, GraphQL, database design, and end-to-end web application development. Candidate ID: 412. Additional skills include problem-solving, teamwork, and communication.                                             ",Full Stack Developer
"Backend developer with expertise in Node.js, PostgreSQL, Redis, API design, and building scalable distributed systems. Candidate ID: 413. Additional skills include problem-solving, teamwork, and communication.                          ",Backend Developer
"Backend developer with expertise in Node.js, PostgreSQL, Redis, API design, and building scalable distributed systems. Candidate ID: 414. Additional skills include problem-solving, teamwork, and communication.                                               ",Backend Developer
"Backend developer with expertise in Node.js, PostgreSQL, Redis, API design, and building scalable distributed systems. Candidate ID: 415. Additional skills include problem-solving, teamwork, and communication.                      ",Backend Developer
"Frontend developer specializing in React, TypeScript, modern CSS, responsive design, and performance optimization for web applications. Candidate ID: 416. Additional skills include problem-solving, teamwork, and communication.                              ",Frontend Developer
"Experienced data scientist with expertise in machine learning, Python, TensorFlow, and statistical analysis. Led multiple projects in predictive modeling and data visualization. Candidate ID: 417. Additional skills include problem-solving, teamwork, and communication.                          ",Data Scientist
"UX designer proficient in Figma, user research, wireframing, prototyping, and usability testing. Created intuitive interfaces for web and mobile applications. Candidate ID: 418. Additional skills include problem-solving, teamwork, and communication. ",UX Designer
"Frontend developer specializing in React, TypeScript, modern CSS, responsive design, and performance optimization for web applications. Candidate ID: 419. Additional skills include problem-solving, teamwork, and communication.                                                 ",Frontend Developer
"Product manager with 5+ years experience in agile methodologies, user research, product strategy, and cross-functional team leadership. Candidate ID: 420. Additional skills include problem-solving, teamwork, and communication.               ",Product Manager
"Frontend developer specializing in React, TypeScript, modern CSS, responsive design, and performance optimization for web applications. Candidate ID: 421. Additional skills include problem-solving, teamwork, and communication.                      ",Frontend Developer
"Full stack developer proficient in MERN stack, GraphQL, database design, and end-to-end web application development. Candidate ID: 422. Additional skills include problem-solving, teamwork, and communication.                            ",Full Stack Developer
"Machine learning engineer with deep learning expertise, PyTorch, computer vision, NLP, and deployment of ML models at scale. Candidate ID: 423. Additional skills include problem-solving, teamwork, and communication.              ",Machine Learning Engineer
"Frontend developer specializing in React, TypeScript, modern CSS, responsive design, and performance optimization for web applications. Candidate ID: 424. Additional skills include problem-solving, teamwork, and communication.  ",Frontend Developer
"Full stack developer proficient in MERN stack, GraphQL, database design, and end-to-end web application development. Candidate ID: 425. Additional skills include problem-solving, teamwork, and communication.              ",Full Stack Developer
"Frontend developer specializing in React, TypeScript, modern CSS, responsive design, and performance optimization for web applications. Candidate ID: 426. Additional skills include problem-solving, teamwork, and communication.       ",Frontend Developer
"Product manager with 5+ years experience in agile methodologies, user research, product strategy, and cross-functional team leadership. Candidate ID: 427. Additional skills include problem-solving, teamwork, and communication.                                               ",Product Manager
"Machine learning engineer with deep learning expertise, PyTorch, computer vision, NLP, and deployment of ML models at scale. Candidate ID: 428. Additional skills include problem-solving, teamwork, and communication.                                              ",Machine Learning Engineer
"Software engineer specializing in backend development with Java, Spring Boot, microservices architecture, and cloud technologies including AWS and Docker. Candidate ID: 429. Additional skills include problem-solving, teamwork, and communication.                                      ",Software Engineer
"Product manager with 5+ years experience in agile methodologies, user research, product strategy, and cross-functional team leadership. Candidate ID: 430. Additional skills include problem-solving, teamwork, and communication.               ",Product Manager
"Backend developer with expertise in Node.js, PostgreSQL, Redis, API design, and building scalable distributed systems. Candidate ID: 431. Additional skills include problem-solving, teamwork, and communication.                                     ",Backend Developer
"Full stack developer proficient in MERN stack, GraphQL, database design, and end-to-end web application development. Candidate ID: 432. Additional skills include problem-solving, teamwork, and communication.                                       ",Full Stack Developer
"Backend developer with expertise in Node.js, PostgreSQL, Redis, API design, and building scalable distributed systems. Candidate ID: 433. Additional skills include problem-solving, teamwork, and communication.                 ",Backend Developer
"Machine learning engineer with deep learning expertise, PyTorch, computer vision, NLP, and deployment of ML models at scale. Candidate ID: 434. Additional skills include problem-solving, teamwork, and communication.                      ",Machine Learning Engineer
"Full stack developer proficient in MERN stack, GraphQL, database design, and end-to-end web application development. Candidate ID: 435. Additional skills include problem-solving, teamwork, and communication.                                            ",Full Stack Developer
"Backend developer with expertise in Node.js, PostgreSQL, Redis, API design, and building scalable distributed systems. Candidate ID: 436. Additional skills include problem-solving, teamwork, and communication.                 ",Backend Developer
"UX designer proficient in Figma, user research, wireframing, prototyping, and usability testing. Created intuitive interfaces for web and mobile applications. Candidate ID: 437. Additional skills include problem-solving, teamwork, and communication.                         ",UX Designer
"UX designer proficient in Figma, user research, wireframing, prototyping, and usability testing. Created intuitive interfaces for web and mobile applications. Candidate ID: 438. Additional skills include problem-solving, teamwork, and communication.          ",UX Designer
"Product manager with 5+ years experience in agile methodologies, user research, product strategy, and cross-functional team leadership. Candidate ID: 439. Additional skills include problem-solving, teamwork, and communication.                                         ",Product Manager
"Software engineer specializing in backend development with Java, Spring Boot, microservices architecture, and cloud technologies including AWS and Docker. Candidate ID: 440. Additional skills include problem-solving, teamwork, and communication.                                               ",Software Engineer
"UX designer proficient in Figma, user research, wireframing, prototyping, and usability testing. Created intuitive interfaces for web and mobile applications. Candidate ID: 441. Additional skills include problem-solving, teamwork, and communication.                                               ",UX Designer
"Data analyst with strong SQL skills, experience in Tableau, Power BI, statistical analysis, and business intelligence reporting. Candidate ID: 442. Additional skills include problem-solving, teamwork, and communication.                                  ",Data Analyst
"Frontend developer specializing in React, TypeScript, modern CSS, responsive design, and performance optimization for web applications. Candidate ID: 443. Additional skills include problem-solving, teamwork, and communication.                                        ",Frontend Developer
"Experienced data scientist with expertise in machine learning, Python, TensorFlow, and statistical analysis. Led multiple projects in predictive modeling and data visualization. Candidate ID: 444. Additional skills include problem-solving, teamwork, and communication.                                            ",Data Scientist
"Product manager with 5+ years experience in agile methodologies, user research, product strategy, and cross-functional team leadership. Candidate ID: 445. Additional skills include problem-solving, teamwork, and communication.                                          ",Product Manager
"Backend developer with expertise in Node.js, PostgreSQL, Redis, API design, and building scalable distributed systems. Candidate ID: 446. Additional skills include problem-solving, teamwork, and communication.                                     ",Backend Developer
"Data analyst with strong SQL skills, experience in Tableau, Power BI, statistical analysis, and business intelligence reporting. Candidate ID: 447. Additional skills include problem-solving, teamwork, and communication.                          ",Data Analyst
"Software engineer specializing in backend development with Java, Spring Boot, microservices architecture, and cloud technologies including AWS and Docker. Candidate ID: 448. Additional skills include problem-solving, teamwork, and communication.                                             ",Software Engineer
"Data analyst with strong SQL skills, experience in Tableau, Power BI, statistical analysis, and business intelligence reporting. Candidate ID: 449. Additional skills include problem-solving, teamwork, and communication.                                     ",Data Analyst
"Backend developer with expertise in Node.js, PostgreSQL, Redis, API design, and building scalable distributed systems. Candidate ID: 450. Additional skills include problem-solving, teamwork, and communication.                                 ",Backend Developer
"DevOps engineer skilled in CI/CD pipelines, Kubernetes, Terraform, monitoring systems, and infrastructure automation using Python and Bash scripting. Candidate ID: 451. Additional skills include problem-solving, teamwork, and communication.                      ",DevOps Engineer
"DevOps engineer skilled in CI/CD pipelines, Kubernetes, Terraform, monitoring systems, and infrastructure automation using Python and Bash scripting. Candidate ID: 452. Additional skills include problem-solving, teamwork, and communication.      ",DevOps Engineer
"Data analyst with strong SQL skills, experience in Tableau, Power BI, statistical analysis, and business intelligence reporting. Candidate ID: 453. Additional skills include problem-solving, teamwork, and communication.                                                ",Data Analyst
"UX designer proficient in Figma, user research, wireframing, prototyping, and usability testing. Created intuitive interfaces for web and mobile applications. Candidate ID: 454. Additional skills include problem-solving, teamwork, and communication.                              ",UX Designer
"Frontend developer specializing in React, TypeScript, modern CSS, responsive design, and performance optimization for web applications. Candidate ID: 455. Additional skills include problem-solving, teamwork, and communication.         ",Frontend Developer
"Machine learning engineer with deep learning expertise, PyTorch, computer vision, NLP, and deployment of ML models at scale. Candidate ID: 456. Additional skills include problem-solving, teamwork, and communication.   ",Machine Learning Engineer
"Product manager with 5+ years experience in agile methodologies, user research, product strategy, and cross-functional team leadership. Candidate ID: 457. Additional skills include problem-solving, teamwork, and communication.                               ",Product Manager
"Frontend developer specializing in React, TypeScript, modern CSS, responsive design, and performance optimization for web applications. Candidate ID: 458. Additional skills include problem-solving, teamwork, and communication.                                     ",Frontend Developer
"UX designer proficient in Figma, user research, wireframing, prototyping, and usability testing. Created intuitive interfaces for web and mobile applications. Candidate ID: 459. Additional skills include problem-solving, teamwork, and communication.                        ",UX Designer
"Data analyst with strong SQL skills, experience in Tableau, Power BI, statistical analysis, and business intelligence reporting. Candidate ID: 460. Additional skills include problem-solving, teamwork, and communication.  ",Data Analyst
"UX designer proficient in Figma, user research, wireframing, prototyping, and usability testing. Created intuitive interfaces for web and mobile applications. Candidate ID: 461. Additional skills include problem-solving, teamwork, and communication.                            ",UX Designer
"UX designer proficient in Figma, user research, wireframing, prototyping, and usability testing. Created intuitive interfaces for web and mobile applications. Candidate ID: 462. Additional skills include problem-solving, teamwork, and communication.               ",UX Designer
"Data analyst with strong SQL skills, experience in Tableau, Power BI, statistical analysis, and business intelligence reporting. Candidate ID: 463. Additional skills include problem-solving, teamwork, and communication.                                                 ",Data Analyst
"Frontend developer specializing in React, TypeScript, modern CSS, responsive design, and performance optimization for web applications. Candidate ID: 464. Additional skills include problem-solving, teamwork, and communication.                                      ",Frontend Developer
"Product manager with 5+ years experience in agile methodologies, user research, product strategy, and cross-functional team leadership. Candidate ID: 465. Additional skills include problem-solving, teamwork, and communication.  ",Product Manager
"Frontend developer specializing in React, TypeScript, modern CSS, responsive design, and performance optimization for web applications. Candidate ID: 466. Additional skills include problem-solving, teamwork, and communication.                          ",Frontend Developer
"Product manager with 5+ years experience in agile methodologies, user research, product strategy, and cross-functional team leadership. Candidate ID: 467. Additional skills include problem-solving, teamwork, and communication.                                             ",Product Manager
"DevOps engineer skilled in CI/CD pipelines, Kubernetes, Terraform, monitoring systems, and infrastructure automation using Python and Bash scripting. Candidate ID: 468. Additional skills include problem-solving, teamwork, and communication.      ",DevOps Engineer
"Full stack developer proficient in MERN stack, GraphQL, database design, and end-to-end web application development. Candidate ID: 469. Additional skills include problem-solving, teamwork, and communication.    ",Full Stack Developer
"Product manager with 5+ years experience in agile methodologies, user research, product strategy, and cross-functional team leadership. Candidate ID: 470. Additional skills include problem-solving, teamwork, and communication.                    ",Product Manager
"Experienced data scientist with expertise in machine learning, Python, TensorFlow, and statistical analysis. Led multiple projects in predictive modeling and data visualization. Candidate ID: 471. Additional skills include problem-solving, teamwork, and communication.                    ",Data Scientist
"Experienced data scientist with expertise in machine learning, Python, TensorFlow, and statistical analysis. Led multiple projects in predictive modeling and data visualization. Candidate ID: 472. Additional skills include problem-solving, teamwork, and communication.            ",Data Scientist
"Experienced data scientist with expertise in machine learning, Python, TensorFlow, and statistical analysis. Led multiple projects in predictive modeling and data visualization. Candidate ID: 473. Additional skills include problem-solving, teamwork, and communication.                          ",Data Scientist
"Data analyst with strong SQL skills, experience in Tableau, Power BI, statistical analysis, and business intelligence reporting. Candidate ID: 474. Additional skills include problem-solving, teamwork, and communication.                                     ",Data Analyst
"UX designer proficient in Figma, user research, wireframing, prototyping, and usability testing. Created intuitive interfaces for web and mobile applications. Candidate ID: 475. Additional skills include problem-solving, teamwork, and communication.             ",UX Designer
"Product manager with 5+ years experience in agile methodologies, user research, product strategy, and cross-functional team leadership. Candidate ID: 476. Additional skills include problem-solving, teamwork, and communication.                                 ",Product Manager
"Data analyst with strong SQL skills, experience in Tableau, Power BI, statistical analysis, and business intelligence reporting. Candidate ID: 477. Additional skills include problem-solving, teamwork, and communication.                                                  ",Data Analyst
"Frontend developer specializing in React, TypeScript, modern CSS, responsive design, and performance optimization for web applications. Candidate ID: 478. Additional skills include problem-solving, teamwork, and communication.          ",Frontend Developer
"DevOps engineer skilled in CI/CD pipelines, Kubernetes, Terraform, monitoring systems, and infrastructure automation using Python and Bash scripting. Candidate ID: 479. Additional skills include problem-solving, teamwork, and communication.                       ",DevOps Engineer
"Full stack developer proficient in MERN stack, GraphQL, database design, and end-to-end web application development. Candidate ID: 480. Additional skills include problem-solving, teamwork, and communication.                                            ",Full Stack Developer
"Software engineer specializing in backend development with Java, Spring Boot, microservices architecture, and cloud technologies including AWS and Docker. Candidate ID: 481. Additional skills include problem-solving, teamwork, and communication.             ",Software Engineer
"Frontend developer specializing in React, TypeScript, modern CSS, responsive design, and performance optimization for web applications. Candidate ID: 482. Additional skills include problem-solving, teamwork, and communication.  ",Frontend Developer
"UX designer proficient in Figma, user research, wireframing, prototyping, and usability testing. Created intuitive interfaces for web and mobile applications. Candidate ID: 483. Additional skills include problem-solving, teamwork, and communication. ",UX Designer
"DevOps engineer skilled in CI/CD pipelines, Kubernetes, Terraform, monitoring systems, and infrastructure automation using Python and Bash scripting. Candidate ID: 484. Additional skills include problem-solving, teamwork, and communication.         ",DevOps Engineer
"Experienced data scientist with expertise in machine learning, Python, TensorFlow, and statistical analysis. Led multiple projects in predictive modeling and data visualization. Candidate ID: 485. Additional skills include problem-solving, teamwork, and communication.         ",Data Scientist
"Frontend developer specializing in React, TypeScript, modern CSS, responsive design, and performance optimization for web applications. Candidate ID: 486. Additional skills include problem-solving, teamwork, and communication.                                      ",Frontend Developer
"Machine learning engineer with deep learning expertise, PyTorch, computer vision, NLP, and deployment of ML models at scale. Candidate ID: 487. Additional skills include problem-solving, teamwork, and communication.                                   ",Machine Learning Engineer
"Experienced data scientist with expertise in machine learning, Python, TensorFlow, and statistical analysis. Led multiple projects in predictive modeling and data visualization. Candidate ID: 488. Additional skills include problem-solving, teamwork, and communication.     ",Data Scientist
"Software engineer specializing in backend development with Java, Spring Boot, microservices architecture, and cloud technologies including AWS and Docker. Candidate ID: 489. Additional skills include problem-solving, teamwork, and communication.              ",Software Engineer
"DevOps engineer skilled in CI/CD pipelines, Kubernetes, Terraform, monitoring systems, and infrastructure automation using Python and Bash scripting. Candidate ID: 490. Additional skills include problem-solving, teamwork, and communication.           ",DevOps Engineer
"Backend developer with expertise in Node.js, PostgreSQL, Redis, API design, and building scalable distributed systems. Candidate ID: 491. Additional skills include problem-solving, teamwork, and communication.                                  ",Backend Developer
"Product manager with 5+ years experience in agile methodologies, user research, product strategy, and cross-functional team leadership. Candidate ID: 492. Additional skills include problem-solving, teamwork, and communication.                                   ",Product Manager
"Experienced data scientist with expertise in machine learning, Python, TensorFlow, and statistical analysis. Led multiple projects in predictive modeling and data visualization. Candidate ID: 493. Additional skills include problem-solving, teamwork, and communication.                                        ",Data Scientist
"Data analyst with strong SQL skills, experience in Tableau, Power BI, statistical analysis, and business intelligence reporting. Candidate ID: 494. Additional skills include problem-solving, teamwork, and communication.                             ",Data Analyst
"Frontend developer specializing in React, TypeScript, modern CSS, responsive design, and performance optimization for web applications. Candidate ID: 495. Additional skills include problem-solving, teamwork, and communication.           ",Frontend Developer
"Backend developer with expertise in Node.js, PostgreSQL, Redis, API design, and building scalable distributed systems. Candidate ID: 496. Additional skills include problem-solving, teamwork, and communication.                                     ",Backend Developer
"Product manager with 5+ years experience in agile methodologies, user research, product strategy, and cross-functional team leadership. Candidate ID: 497. Additional skills include problem-solving, teamwork, and communication.                     ",Product Manager
"DevOps engineer skilled in CI/CD pipelines, Kubernetes, Terraform, monitoring systems, and infrastructure automation using Python and Bash scripting. Candidate ID: 498. Additional skills include problem-solving, teamwork, and communication.     ",DevOps Engineer
"Product manager with 5+ years experience in agile methodologies, user research, product strategy, and cross-functional team leadership. Candidate ID: 499. Additional skills include problem-solving, teamwork, and communication.              ",Product Manager
"Full stack developer proficient in MERN stack, GraphQL, database design, and end-to-end web application development. Candidate ID: 500. Additional skills include problem-solving, teamwork, and communication.    ",Full Stack Developer
"Backend developer with expertise in Node.js, PostgreSQL, Redis, API design, and building scalable distributed systems. Candidate ID: 501. Additional skills include problem-solving, teamwork, and communication.                                             ",Backend Developer
"Full stack developer proficient in MERN stack, GraphQL, database design, and end-to-end web application development. Candidate ID: 502. Additional skills include problem-solving, teamwork, and communication.                         ",Full Stack Developer
"Software engineer specializing in backend development with Java, Spring Boot, microservices architecture, and cloud technologies including AWS and Docker. Candidate ID: 503. Additional skills include problem-solving, teamwork, and communication.                                        ",Software Engineer
"Frontend developer specializing in React, TypeScript, modern CSS, responsive design, and performance optimization for web applications. Candidate ID: 504. Additional skills include problem-solving, teamwork, and communication.                                       ",Frontend Developer
"Frontend developer specializing in React, TypeScript, modern CSS, responsive design, and performance optimization for web applications. Candidate ID: 505. Additional skills include problem-solving, teamwork, and communication.              ",Frontend Developer
"Product manager with 5+ years experience in agile methodologies, user research, product strategy, and cross-functional team leadership. Candidate ID: 506. Additional skills include problem-solving, teamwork, and communication.                                      ",Product Manager
"Experienced data scientist with expertise in machine learning, Python, TensorFlow, and statistical analysis. Led multiple projects in predictive modeling and data visualization. Candidate ID: 507. Additional skills include problem-solving, teamwork, and communication.                       ",Data Scientist
"Experienced data scientist with expertise in machine learning, Python, TensorFlow, and statistical analysis. Led multiple projects in predictive modeling and data visualization. Candidate ID: 508. Additional skills include problem-solving, teamwork, and communication.                         ",Data Scientist
"Experienced data scientist with expertise in machine learning, Python, TensorFlow, and statistical analysis. Led multiple projects in predictive modeling and data visualization. Candidate ID: 509. Additional skills include problem-solving, teamwork, and communication.                                 ",Data Scientist
"Machine learning engineer with deep learning expertise, PyTorch, computer vision, NLP, and deployment of ML models at scale. Candidate ID: 510. Additional skills include problem-solving, teamwork, and communication.  ",Machine Learning Engineer
"DevOps engineer skilled in CI/CD pipelines, Kubernetes, Terraform, monitoring systems, and infrastructure automation using Python and Bash scripting. Candidate ID: 511. Additional skills include problem-solving, teamwork, and communication.                                        ",DevOps Engineer
"Frontend developer specializing in React, TypeScript, modern CSS, responsive design, and performance optimization for web applications. Candidate ID: 512. Additional skills include problem-solving, teamwork, and communication.                                       ",Frontend Developer
"Product manager with 5+ years experience in agile methodologies, user research, product strategy, and cross-functional team leadership. Candidate ID: 513. Additional skills include problem-solving, teamwork, and communication.      ",Product Manager
"Data analyst with strong SQL skills, experience in Tableau, Power BI, statistical analysis, and business intelligence reporting. Candidate ID: 514. Additional skills include problem-solving, teamwork, and communication.   ",Data Analyst
"Machine learning engineer with deep learning expertise, PyTorch, computer vision, NLP, and deployment of ML models at scale. Candidate ID: 515. Additional skills include problem-solving, teamwork, and communication.        ",Machine Learning Engineer
"Full stack developer proficient in MERN stack, GraphQL, database design, and end-to-end web application development. Candidate ID: 516. Additional skills include problem-solving, teamwork, and communication.               ",Full Stack Developer
"Experienced data scientist with expertise in machine learning, Python, TensorFlow, and statistical analysis. Led multiple projects in predictive modeling and data visualization. Candidate ID: 517. Additional skills include problem-solving, teamwork, and communication.                              ",Data Scientist
"Machine learning engineer with deep learning expertise, PyTorch, computer vision, NLP, and deployment of ML models at scale. Candidate ID: 518. Additional skills include problem-solving, teamwork, and communication.                           ",Machine Learning Engineer
"UX designer proficient in Figma, user research, wireframing, prototyping, and usability testing. Created intuitive interfaces for web and mobile applications. Candidate ID: 519. Additional skills include problem-solving, teamwork, and communication.                             ",UX Designer
"Data analyst with strong SQL skills, experience in Tableau, Power BI, statistical analysis, and business intelligence reporting. Candidate ID: 520. Additional skills include problem-solving, teamwork, and communication.                                 ",Data Analyst
"DevOps engineer skilled in CI/CD pipelines, Kubernetes, Terraform, monitoring systems, and infrastructure automation using Python and Bash scripting. Candidate ID: 521. Additional skills include problem-solving, teamwork, and communication.                           ",DevOps Engineer
"Machine learning engineer with deep learning expertise, PyTorch, computer vision, NLP, and deployment of ML models at scale. Candidate ID: 522. Additional skills include problem-solving, teamwork, and communication.                                 ",Machine Learning Engineer
"UX designer proficient in Figma, user research, wireframing, prototyping, and usability testing. Created intuitive interfaces for web and mobile applications. Candidate ID: 523. Additional skills include problem-solving, teamwork, and communication.                      ",UX Designer
"Software engineer specializing in backend development with Java, Spring Boot, microservices architecture, and cloud technologies including AWS and Docker. Candidate ID: 524. Additional skills include problem-solving, teamwork, and communication.          ",Software Engineer
"DevOps engineer skilled in CI/CD pipelines, Kubernetes, Terraform, monitoring systems, and infrastructure automation using Python and Bash scripting. Candidate ID: 525. Additional skills include problem-solving, teamwork, and communication.          ",DevOps Engineer
"Experienced data scientist with expertise in machine learning, Python, TensorFlow, and statistical analysis. Led multiple projects in predictive modeling and data visualization. Candidate ID: 526. Additional skills include problem-solving, teamwork, and communication.                                      ",Data Scientist
"UX designer proficient in Figma, user research, wireframing, prototyping, and usability testing. Created intuitive interfaces for web and mobile applications. Candidate ID: 527. Additional skills include problem-solving, teamwork, and communication.                                             ",UX Designer
"Frontend developer specializing in React, TypeScript, modern CSS, responsive design, and performance optimization for web applications. Candidate ID: 528. Additional skills include problem-solving, teamwork, and communication.               ",Frontend Developer
"Frontend developer specializing in React, TypeScript, modern CSS, responsive design, and performance optimization for web applications. Candidate ID: 529. Additional skills include problem-solving, teamwork, and communication.     ",Frontend Developer
"UX designer proficient in Figma, user research, wireframing, prototyping, and usability testing. Created intuitive interfaces for web and mobile applications. Candidate ID: 530. Additional skills include problem-solving, teamwork, and communication.            ",UX Designer
"Software engineer specializing in backend development with Java, Spring Boot, microservices architecture, and cloud technologies including AWS and Docker. Candidate ID: 531. Additional skills include problem-solving, teamwork, and communication.                           ",Software Engineer
"Product manager with 5+ years experience in agile methodologies, user research, product strategy, and cross-functional team leadership. Candidate ID: 532. Additional skills include problem-solving, teamwork, and communication.                                    ",Product Manager
"UX designer proficient in Figma, user research, wireframing, prototyping, and usability testing. Created intuitive interfaces for web and mobile applications. Candidate ID: 533. Additional skills include problem-solving, teamwork, and communication.                          ",UX Designer
"DevOps engineer skilled in CI/CD pipelines, Kubernetes, Terraform, monitoring systems, and infrastructure automation using Python and Bash scripting. Candidate ID: 534. Additional skills include problem-solving, teamwork, and communication.                    ",DevOps Engineer
"Full stack developer proficient in MERN stack, GraphQL, database design, and end-to-end web application development. Candidate ID: 535. Additional skills include problem-solving, teamwork, and communication.                                        ",Full Stack Developer
"Data analyst with strong SQL skills, experience in Tableau, Power BI, statistical analysis, and business intelligence reporting. Candidate ID: 536. Additional skills include problem-solving, teamwork, and communication.      ",Data Analyst
"Frontend developer specializing in React, TypeScript, modern CSS, responsive design, and performance optimization for web applications. Candidate ID: 537. Additional skills include problem-solving, teamwork, and communication.                       ",Frontend Developer
"Full stack developer proficient in MERN stack, GraphQL, database design, and end-to-end web application development. Candidate ID: 538. Additional skills include problem-solving, teamwork, and communication.                                              ",Full Stack Developer
"Full stack developer proficient in MERN stack, GraphQL, database design, and end-to-end web application development. Candidate ID: 539. Additional skills include problem-solving, teamwork, and communication.             ",Full Stack Developer
"Frontend developer specializing in React, TypeScript, modern CSS, responsive design, and performance optimization for web applications. Candidate ID: 540. Additional skills include problem-solving, teamwork, and communication.                  ",Frontend Developer
"Backend developer with expertise in Node.js, PostgreSQL, Redis, API design, and building scalable distributed systems. Candidate ID: 541. Additional skills include problem-solving, teamwork, and communication.                                 ",Backend Developer
"Frontend developer specializing in React, TypeScript, modern CSS, responsive design, and performance optimization for web applications. Candidate ID: 542. Additional skills include problem-solving, teamwork, and communication.                                           ",Frontend Developer
"UX designer proficient in Figma, user research, wireframing, prototyping, and usability testing. Created intuitive interfaces for web and mobile applications. Candidate ID: 543. Additional skills include problem-solving, teamwork, and communication.                                                ",UX Designer
"UX designer proficient in Figma, user research, wireframing, prototyping, and usability testing. Created intuitive interfaces for web and mobile applications. Candidate ID: 544. Additional skills include problem-solving, teamwork, and communication.     ",UX Designer
"Frontend developer specializing in React, TypeScript, modern CSS, responsive design, and performance optimization for web applications. Candidate ID: 545. Additional skills include problem-solving, teamwork, and communication.                                     ",Frontend Developer
"Frontend developer specializing in React, TypeScript, modern CSS, responsive design, and performance optimization for web applications. Candidate ID: 546. Additional skills include problem-solving, teamwork, and communication.                                          ",Frontend Developer
"Experienced data scientist with expertise in machine learning, Python, TensorFlow, and statistical analysis. Led multiple projects in predictive modeling and data visualization. Candidate ID: 547. Additional skills include problem-solving, teamwork, and communication.                            ",Data Scientist
"Full stack developer proficient in MERN stack, GraphQL, database design, and end-to-end web application development. Candidate ID: 548. Additional skills include problem-solving, teamwork, and communication.         ",Full Stack Developer
"Data analyst with strong SQL skills, experience in Tableau, Power BI, statistical analysis, and business intelligence reporting. Candidate ID: 549. Additional skills include problem-solving, teamwork, and communication.                             ",Data Analyst
"Frontend developer specializing in React, TypeScript, modern CSS, responsive design, and performance optimization for web applications. Candidate ID: 550. Additional skills include problem-solving, teamwork, and communication.                                         ",Frontend Developer
"Data analyst with strong SQL skills, experience in Tableau, Power BI, statistical analysis, and business intelligence reporting. Candidate ID: 551. Additional skills include problem-solving, teamwork, and communication.           ",Data Analyst
"Machine learning engineer with deep learning expertise, PyTorch, computer vision, NLP, and deployment of ML models at scale. Candidate ID: 552. Additional skills include problem-solving, teamwork, and communication. ",Machine Learning Engineer
"DevOps engineer skilled in CI/CD pipelines, Kubernetes, Terraform, monitoring systems, and infrastructure automation using Python and Bash scripting. Candidate ID: 553. Additional skills include problem-solving, teamwork, and communication.                     ",DevOps Engineer
"Full stack developer proficient in MERN stack, GraphQL, database design, and end-to-end web application development. Candidate ID: 554. Additional skills include problem-solving, teamwork, and communication.                                              ",Full Stack Developer
"UX designer proficient in Figma, user research, wireframing, prototyping, and usability testing. Created intuitive interfaces for web and mobile applications. Candidate ID: 555. Additional skills include problem-solving, teamwork, and communication.                       ",UX Designer
"Backend developer with expertise in Node.js, PostgreSQL, Redis, API design, and building scalable distributed systems. Candidate ID: 556. Additional skills include problem-solving, teamwork, and communication. ",Backend Developer
"Data analyst with strong SQL skills, experience in Tableau, Power BI, statistical analysis, and business intelligence reporting. Candidate ID: 557. Additional skills include problem-solving, teamwork, and communication.                                        ",Data Analyst
"DevOps engineer skilled in CI/CD pipelines, Kubernetes, Terraform, monitoring systems, and infrastructure automation using Python and Bash scripting. Candidate ID: 558. Additional skills include problem-solving, teamwork, and communication.                                               ",DevOps Engineer
"Backend developer with expertise in Node.js, PostgreSQL, Redis, API design, and building scalable distributed systems. Candidate ID: 559. Additional skills include problem-solving, teamwork, and communication.         ",Backend Developer
"Full stack developer proficient in MERN stack, GraphQL, database design, and end-to-end web application development. Candidate ID: 560. Additional skills include problem-solving, teamwork, and communication.                          ",Full Stack Developer
"Backend developer with expertise in Node.js, PostgreSQL, Redis, API design, and building scalable distributed systems. Candidate ID: 561. Additional skills include problem-solving, teamwork, and communication.                                   ",Backend Developer
"UX designer proficient in Figma, user research, wireframing, prototyping, and usability testing. Created intuitive interfaces for web and mobile applications. Candidate ID: 562. Additional skills include problem-solving, teamwork, and communication.                         ",UX Designer
"Full stack developer proficient in MERN stack, GraphQL, database design, and end-to-end web application development. Candidate ID: 563. Additional skills include problem-solving, teamwork, and communication.           ",Full Stack Developer
"Data analyst with strong SQL skills, experience in Tableau, Power BI, statistical analysis, and business intelligence reporting. Candidate ID: 564. Additional skills include problem-solving, teamwork, and communication.  ",Data Analyst
"Machine learning engineer with deep learning expertise, PyTorch, computer vision, NLP, and deployment of ML models at scale. Candidate ID: 565. Additional skills include problem-solving, teamwork, and communication.                  ",Machine Learning Engineer
"Software engineer specializing in backend development with Java, Spring Boot, microservices architecture, and cloud technologies including AWS and Docker. Candidate ID: 566. Additional skills include problem-solving, teamwork, and communication.                           ",Software Engineer
"Experienced data scientist with expertise in machine learning, Python, TensorFlow, and statistical analysis. Led multiple projects in predictive modeling and data visualization. Candidate ID: 567. Additional skills include problem-solving, teamwork, and communication.                                           ",Data Scientist
"Product manager with 5+ years experience in agile methodologies, user research, product strategy, and cross-functional team leadership. Candidate ID: 568. Additional skills include problem-solving, teamwork, and communication.                        ",Product Manager
"Backend developer with expertise in Node.js, PostgreSQL, Redis, API design, and building scalable distributed systems. Candidate ID: 569. Additional skills include problem-solving, teamwork, and communication.       ",Backend Developer
"UX designer proficient in Figma, user research, wireframing, prototyping, and usability testing. Created intuitive interfaces for web and mobile applications. Candidate ID: 570. Additional skills include problem-solving, teamwork, and communication.      ",UX Designer
"DevOps engineer skilled in CI/CD pipelines, Kubernetes, Terraform, monitoring systems, and infrastructure automation using Python and Bash scripting. Candidate ID: 571. Additional skills include problem-solving, teamwork, and communication.                        ",DevOps Engineer
"Experienced data scientist with expertise in machine learning, Python, TensorFlow, and statistical analysis. Led multiple projects in predictive modeling and data visualization. Candidate ID: 572. Additional skills include problem-solving, teamwork, and communication.                                                 ",Data Scientist
"Data analyst with strong SQL skills, experience in Tableau, Power BI, statistical analysis, and business intelligence reporting. Candidate ID: 573. Additional skills include problem-solving, teamwork, and communication.                          ",Data Analyst
"Software engineer specializing in backend development with Java, Spring Boot, microservices architecture, and cloud technologies including AWS and Docker. Candidate ID: 574. Additional skills include problem-solving, teamwork, and communication.                     ",Software Engineer
"Experienced data scientist with expertise in machine learning, Python, TensorFlow, and statistical analysis. Led multiple projects in predictive modeling and data visualization. Candidate ID: 575. Additional skills include problem-solving, teamwork, and communication.       ",Data Scientist
"Experienced data scientist with expertise in machine learning, Python, TensorFlow, and statistical analysis. Led multiple projects in predictive modeling and data visualization. Candidate ID: 576. Additional skills include problem-solving, teamwork, and communication.                    ",Data Scientist
"Backend developer with expertise in Node.js, PostgreSQL, Redis, API design, and building scalable distributed systems. Candidate ID: 577. Additional skills include problem-solving, teamwork, and communication.                                                 ",Backend Developer
"UX designer proficient in Figma, user research, wireframing, prototyping, and usability testing. Created intuitive interfaces for web and mobile applications. Candidate ID: 578. Additional skills include problem-solving, teamwork, and communication.                      ",UX Designer
"Frontend developer specializing in React, TypeScript, modern CSS, responsive design, and performance optimization for web applications. Candidate ID: 579. Additional skills include problem-solving, teamwork, and communication.                                                 ",Frontend Developer
"Machine learning engineer with deep learning expertise, PyTorch, computer vision, NLP, and deployment of ML models at scale. Candidate ID: 580. Additional skills include problem-solving, teamwork, and communication. ",Machine Learning Engineer
"Machine learning engineer with deep learning expertise, PyTorch, computer vision, NLP, and deployment of ML models at scale. Candidate ID: 581. Additional skills include problem-solving, teamwork, and communication.                   ",Machine Learning Engineer
"Experienced data scientist with expertise in machine learning, Python, TensorFlow, and statistical analysis. Led multiple projects in predictive modeling and data visualization. Candidate ID: 582. Additional skills include problem-solving, teamwork, and communication.                                             ",Data Scientist
"Frontend developer specializing in React, TypeScript, modern CSS, responsive design, and performance optimization for web applications. Candidate ID: 583. Additional skills include problem-solving, teamwork, and communication.                   ",Frontend Developer
"Software engineer specializing in backend development with Java, Spring Boot, microservices architecture, and cloud technologies including AWS and Docker. Candidate ID: 584. Additional skills include problem-solving, teamwork, and communication. ",Software Engineer
"Product manager with 5+ years experience in agile methodologies, user research, product strategy, and cross-functional team leadership. Candidate ID: 585. Additional skills include problem-solving, teamwork, and communication.                                               ",Product Manager
"Software engineer specializing in backend development with Java, Spring Boot, microservices architecture, and cloud technologies including AWS and Docker. Candidate ID: 586. Additional skills include problem-solving, teamwork, and communication.  ",Software Engineer
"Data analyst with strong SQL skills, experience in Tableau, Power BI, statistical analysis, and business intelligence reporting. Candidate ID: 587. Additional skills include problem-solving, teamwork, and communication.                            ",Data Analyst
"Experienced data scientist with expertise in machine learning, Python, TensorFlow, and statistical analysis. Led multiple projects in predictive modeling and data visualization. Candidate ID: 588. Additional skills include problem-solving, teamwork, and communication.                                                  ",Data Scientist
"Data analyst with strong SQL skills, experience in Tableau, Power BI, statistical analysis, and business intelligence reporting. Candidate ID: 589. Additional skills include problem-solving, teamwork, and communication.    ",Data Analyst
"Experienced data scientist with expertise in machine learning, Python, TensorFlow, and statistical analysis. Led multiple projects in predictive modeling and data visualization. Candidate ID: 590. Additional skills include problem-solving, teamwork, and communication.        ",Data Scientist
"Machine learning engineer with deep learning expertise, PyTorch, computer vision, NLP, and deployment of ML models at scale. Candidate ID: 591. Additional skills include problem-solving, teamwork, and communication.                                       ",Machine Learning Engineer
"Product manager with 5+ years experience in agile methodologies, user research, product strategy, and cross-functional team leadership. Candidate ID: 592. Additional skills include problem-solving, teamwork, and communication.                                ",Product Manager
"Full stack developer proficient in MERN stack, GraphQL, database design, and end-to-end web application development. Candidate ID: 593. Additional skills include problem-solving, teamwork, and communication.          ",Full Stack Developer
"Product manager with 5+ years experience in agile methodologies, user research, product strategy, and cross-functional team leadership. Candidate ID: 594. Additional skills include problem-solving, teamwork, and communication.                                              ",Product Manager
"Software engineer specializing in backend development with Java, Spring Boot, microservices architecture, and cloud technologies including AWS and Docker. Candidate ID: 595. Additional skills include problem-solving, teamwork, and communication.                                 ",Software Engineer
"Machine learning engineer with deep learning expertise, PyTorch, computer vision, NLP, and deployment of ML models at scale. Candidate ID: 596. Additional skills include problem-solving, teamwork, and communication.                            ",Machine Learning Engineer
"Software engineer specializing in backend development with Java, Spring Boot, microservices architecture, and cloud technologies including AWS and Docker. Candidate ID: 597. Additional skills include problem-solving, teamwork, and communication.       ",Software Engineer
"Frontend developer specializing in React, TypeScript, modern CSS, responsive design, and performance optimization for web applications. Candidate ID: 598. Additional skills include problem-solving, teamwork, and communication. ",Frontend Developer
"Backend developer with expertise in Node.js, PostgreSQL, Redis, API design, and building scalable distributed systems. Candidate ID: 599. Additional skills include problem-solving, teamwork, and communication.   ",Backend Developer
"Frontend developer specializing in React, TypeScript, modern CSS, responsive design, and performance optimization for web applications. Candidate ID: 600. Additional skills include problem-solving, teamwork, and communication.                       ",Frontend Developer
"Frontend developer specializing in React, TypeScript, modern CSS, responsive design, and performance optimization for web applications. Candidate ID: 601. Additional skills include problem-solving, teamwork, and communication.                                               ",Frontend Developer
"DevOps engineer skilled in CI/CD pipelines, Kubernetes, Terraform, monitoring systems, and infrastructure automation using Python and Bash scripting. Candidate ID: 602. Additional skills include problem-solving, teamwork, and communication.   ",DevOps Engineer
"Product manager with 5+ years experience in agile methodologies, user research, product strategy, and cross-functional team leadership. Candidate ID: 603. Additional skills include problem-solving, teamwork, and communication.                                 ",Product Manager
"Frontend developer specializing in React, TypeScript, modern CSS, responsive design, and performance optimization for web applications. Candidate ID: 604. Additional skills include problem-solving, teamwork, and communication.                                  ",Frontend Developer
"Product manager with 5+ years experience in agile methodologies, user research, product strategy, and cross-functional team leadership. Candidate ID: 605. Additional skills include problem-solving, teamwork, and communication.                                ",Product Manager
"Frontend developer specializing in React, TypeScript, modern CSS, responsive design, and performance optimization for web applications. Candidate ID: 606. Additional skills include problem-solving, teamwork, and communication.              ",Frontend Developer
"Frontend developer specializing in React, TypeScript, modern CSS, responsive design, and performance optimization for web applications. Candidate ID: 607. Additional skills include problem-solving, teamwork, and communication.                                              ",Frontend Developer
"UX designer proficient in Figma, user research, wireframing, prototyping, and usability testing. Created intuitive interfaces for web and mobile applications. Candidate ID: 608. Additional skills include problem-solving, teamwork, and communication.                                     ",UX Designer
"Data analyst with strong SQL skills, experience in Tableau, Power BI, statistical analysis, and business intelligence reporting. Candidate ID: 609. Additional skills include problem-solving, teamwork, and communication.                     ",Data Analyst
"Machine learning engineer with deep learning expertise, PyTorch, computer vision, NLP, and deployment of ML models at scale. Candidate ID: 610. Additional skills include problem-solving, teamwork, and communication.                                                ",Machine Learning Engineer
"Software engineer specializing in backend development with Java, Spring Boot, microservices architecture, and cloud technologies including AWS and Docker. Candidate ID: 611. Additional skills include problem-solving, teamwork, and communication.       ",Software Engineer
"Full stack developer proficient in MERN stack, GraphQL, database design, and end-to-end web application development. Candidate ID: 612. Additional skills include problem-solving, teamwork, and communication.       ",Full Stack Developer
"Experienced data scientist with expertise in machine learning, Python, TensorFlow, and statistical analysis. Led multiple projects in predictive modeling and data visualization. Candidate ID: 613. Additional skills include problem-solving, teamwork, and communication.                       ",Data Scientist
"DevOps engineer skilled in CI/CD pipelines, Kubernetes, Terraform, monitoring systems, and infrastructure automation using Python and Bash scripting. Candidate ID: 614. Additional skills include problem-solving, teamwork, and communication.                   ",DevOps Engineer
"Product manager with 5+ years experience in agile methodologies, user research, product strategy, and cross-functional team leadership. Candidate ID: 615. Additional skills include problem-solving, teamwork, and communication.                                    ",Product Manager
"Software engineer specializing in backend development with Java, Spring Boot, microservices architecture, and cloud technologies including AWS and Docker. Candidate ID: 616. Additional skills include problem-solving, teamwork, and communication.  ",Software Engineer
"Experienced data scientist with expertise in machine learning, Python, TensorFlow, and statistical analysis. Led multiple projects in predictive modeling and data visualization. Candidate ID: 617. Additional skills include problem-solving, teamwork, and communication.                                               ",Data Scientist
"DevOps engineer skilled in CI/CD pipelines, Kubernetes, Terraform, monitoring systems, and infrastructure automation using Python and Bash scripting. Candidate ID: 618. Additional skills include problem-solving, teamwork, and communication.                    ",DevOps Engineer
"Full stack developer proficient in MERN stack, GraphQL, database design, and end-to-end web application development. Candidate ID: 619. Additional skills include problem-solving, teamwork, and communication.  ",Full Stack Developer
"Product manager with 5+ years experience in agile methodologies, user research, product strategy, and cross-functional team leadership. Candidate ID: 620. Additional skills include problem-solving, teamwork, and communication.                       ",Product Manager
"Machine learning engineer with deep learning expertise, PyTorch, computer vision, NLP, and deployment of ML models at scale. Candidate ID: 621. Additional skills include problem-solving, teamwork, and communication.            ",Machine Learning Engineer
"UX designer proficient in Figma, user research, wireframing, prototyping, and usability testing. Created intuitive interfaces for web and mobile applications. Candidate ID: 622. Additional skills include problem-solving, teamwork, and communication.     ",UX Designer
"DevOps engineer skilled in CI/CD pipelines, Kubernetes, Terraform, monitoring systems, and infrastructure automation using Python and Bash scripting. Candidate ID: 623. Additional skills include problem-solving, teamwork, and communication.                                      ",DevOps Engineer
"Backend developer with expertise in Node.js, PostgreSQL, Redis, API design, and building scalable distributed systems. Candidate ID: 624. Additional skills include problem-solving, teamwork, and communication.                                  ",Backend Developer
"DevOps engineer skilled in CI/CD pipelines, Kubernetes, Terraform, monitoring systems, and infrastructure automation using Python and Bash scripting. Candidate ID: 625. Additional skills include problem-solving, teamwork, and communication.                                            ",DevOps Engineer
"Product manager with 5+ years experience in agile methodologies, user research, product strategy, and cross-functional team leadership. Candidate ID: 626. Additional skills include problem-solving, teamwork, and communication.                      ",Product Manager
"Frontend developer specializing in React, TypeScript, modern CSS, responsive design, and performance optimization for web applications. Candidate ID: 627. Additional skills include problem-solving, teamwork, and communication.                 ",Frontend Developer
"Full stack developer proficient in MERN stack, GraphQL, database design, and end-to-end web application development. Candidate ID: 628. Additional skills include problem-solving, teamwork, and communication.                              ",Full Stack Developer
"Frontend developer specializing in React, TypeScript, modern CSS, responsive design, and performance optimization for web applications. Candidate ID: 629. Additional skills include problem-solving, teamwork, and communication.                                              ",Frontend Developer
"Machine learning engineer with deep learning expertise, PyTorch, computer vision, NLP, and deployment of ML models at scale. Candidate ID: 630. Additional skills include problem-solving, teamwork, and communication.                                ",Machine Learning Engineer
"Experienced data scientist with expertise in machine learning, Python, TensorFlow, and statistical analysis. Led multiple projects in predictive modeling and data visualization. Candidate ID: 631. Additional skills include problem-solving, teamwork, and communication.                                                  ",Data Scientist
"Product manager with 5+ years experience in agile methodologies, user research, product strategy, and cross-functional team leadership. Candidate ID: 632. Additional skills include problem-solving, teamwork, and communication.                 ",Product Manager
"Backend developer with expertise in Node.js, PostgreSQL, Redis, API design, and building scalable distributed systems. Candidate ID: 633. Additional skills include problem-solving, teamwork, and communication.                                        ",Backend Developer
"Software engineer specializing in backend development with Java, Spring Boot, microservices architecture, and cloud technologies including AWS and Docker. Candidate ID: 634. Additional skills include problem-solving, teamwork, and communication.                                             ",Software Engineer
"Backend developer with expertise in Node.js, PostgreSQL, Redis, API design, and building scalable distributed systems. Candidate ID: 635. Additional skills include problem-solving, teamwork, and communication.                                       ",Backend Developer
"Backend developer with expertise in Node.js, PostgreSQL, Redis, API design, and building scalable distributed systems. Candidate ID: 636. Additional skills include problem-solving, teamwork, and communication.                      ",Backend Developer
"UX designer proficient in Figma, user research, wireframing, prototyping, and usability testing. Created intuitive interfaces for web and mobile applications. Candidate ID: 637. Additional skills include problem-solving, teamwork, and communication.                          ",UX Designer
"Full stack developer proficient in MERN stack, GraphQL, database design, and end-to-end web application development. Candidate ID: 638. Additional skills include problem-solving, teamwork, and communication.                             ",Full Stack Developer
"Software engineer specializing in backend development with Java, Spring Boot, microservices architecture, and cloud technologies including AWS and Docker. Candidate ID: 639. Additional skills include problem-solving, teamwork, and communication.                       ",Software Engineer
"DevOps engineer skilled in CI/CD pipelines, Kubernetes, Terraform, monitoring systems, and infrastructure automation using Python and Bash scripting. Candidate ID: 640. Additional skills include problem-solving, teamwork, and communication.           ",DevOps Engineer
"Data analyst with strong SQL skills, experience in Tableau, Power BI, statistical analysis, and business intelligence reporting. Candidate ID: 641. Additional skills include problem-solving, teamwork, and communication.                  ",Data Analyst
"DevOps engineer skilled in CI/CD pipelines, Kubernetes, Terraform, monitoring systems, and infrastructure automation using Python and Bash scripting. Candidate ID: 642. Additional skills include problem-solving, teamwork, and communication.                                          ",DevOps Engineer
"UX designer proficient in Figma, user research, wireframing, prototyping, and usability testing. Created intuitive interfaces for web and mobile applications. Candidate ID: 643. Additional skills include problem-solving, teamwork, and communication.                                         ",UX Designer
"Data analyst with strong SQL skills, experience in Tableau, Power BI, statistical analysis, and business intelligence reporting. Candidate ID: 644. Additional skills include problem-solving, teamwork, and communication.                                  ",Data Analyst
"Experienced data scientist with expertise in machine learning, Python, TensorFlow, and statistical analysis. Led multiple projects in predictive modeling and data visualization. Candidate ID: 645. Additional skills include problem-solving, teamwork, and communication.                                     ",Data Scientist
"Backend developer with expertise in Node.js, PostgreSQL, Redis, API design, and building scalable distributed systems. Candidate ID: 646. Additional skills include problem-solving, teamwork, and communication.                                      ",Backend Developer
"Full stack developer proficient in MERN stack, GraphQL, database design, and end-to-end web application development. Candidate ID: 647. Additional skills include problem-solving, teamwork, and communication.            ",Full Stack Developer
"Machine learning engineer with deep learning expertise, PyTorch, computer vision, NLP, and deployment of ML models at scale. Candidate ID: 648. Additional skills include problem-solving, teamwork, and communication.                                          ",Machine Learning Engineer
"Data analyst with strong SQL skills, experience in Tableau, Power BI, statistical analysis, and business intelligence reporting. Candidate ID: 649. Additional skills include problem-solving, teamwork, and communication.                     ",Data Analyst
"Backend developer with expertise in Node.js, PostgreSQL, Redis, API design, and building scalable distributed systems. Candidate ID: 650. Additional skills include problem-solving, teamwork, and communication.                               ",Backend Developer
"Data analyst with strong SQL skills, experience in Tableau, Power BI, statistical analysis, and business intelligence reporting. Candidate ID: 651. Additional skills include problem-solving, teamwork, and communication.                           ",Data Analyst
"Frontend developer specializing in React, TypeScript, modern CSS, responsive design, and performance optimization for web applications. Candidate ID: 652. Additional skills include problem-solving, teamwork, and communication.                                  ",Frontend Developer
"Backend developer with expertise in Node.js, PostgreSQL, Redis, API design, and building scalable distributed systems. Candidate ID: 653. Additional skills include problem-solving, teamwork, and communication.       ",Backend Developer
"Full stack developer proficient in MERN stack, GraphQL, database design, and end-to-end web application development. Candidate ID: 654. Additional skills include problem-solving, teamwork, and communication.                                             ",Full Stack Developer
"Experienced data scientist with expertise in machine learning, Python, TensorFlow, and statistical analysis. Led multiple projects in predictive modeling and data visualization. Candidate ID: 655. Additional skills include problem-solving, teamwork, and communication.                          ",Data Scientist
"DevOps engineer skilled in CI/CD pipelines, Kubernetes, Terraform, monitoring systems, and infrastructure automation using Python and Bash scripting. Candidate ID: 656. Additional skills include problem-solving, teamwork, and communication.                            ",DevOps Engineer
"Full stack developer proficient in MERN stack, GraphQL, database design, and end-to-end web application development. Candidate ID: 657. Additional skills include problem-solving, teamwork, and communication.                                              ",Full Stack Developer
"Software engineer specializing in backend development with Java, Spring Boot, microservices architecture, and cloud technologies including AWS and Docker. Candidate ID: 658. Additional skills include problem-solving, teamwork, and communication.                                           ",Software Engineer
"Experienced data scientist with expertise in machine learning, Python, TensorFlow, and statistical analysis. Led multiple projects in predictive modeling and data visualization. Candidate ID: 659. Additional skills include problem-solving, teamwork, and communication.                                    ",Data Scientist
"Product manager with 5+ years experience in agile methodologies, user research, product strategy, and cross-functional team leadership. Candidate ID: 660. Additional skills include problem-solving, teamwork, and communication.                          ",Product Manager
"DevOps engineer skilled in CI/CD pipelines, Kubernetes, Terraform, monitoring systems, and infrastructure automation using Python and Bash scripting. Candidate ID: 661. Additional skills include problem-solving, teamwork, and communication.           ",DevOps Engineer
"Frontend developer specializing in React, TypeScript, modern CSS, responsive design, and performance optimization for web applications. Candidate ID: 662. Additional skills include problem-solving, teamwork, and communication.           ",Frontend Developer
"UX designer proficient in Figma, user research, wireframing, prototyping, and usability testing. Created intuitive interfaces for web and mobile applications. Candidate ID: 663. Additional skills include problem-solving, teamwork, and communication.                                                 ",UX Designer
"Machine learning engineer with deep learning expertise, PyTorch, computer vision, NLP, and deployment of ML models at scale. Candidate ID: 664. Additional skills include problem-solving, teamwork, and communication.                                        ",Machine Learning Engineer
"Product manager with 5+ years experience in agile methodologies, user research, product strategy, and cross-functional team leadership. Candidate ID: 665. Additional skills include problem-solving, teamwork, and communication.                                  ",Product Manager
"Machine learning engineer with deep learning expertise, PyTorch, computer vision, NLP, and deployment of ML models at scale. Candidate ID: 666. Additional skills include problem-solving, teamwork, and communication.                                               ",Machine Learning Engineer
"Frontend developer specializing in React, TypeScript, modern CSS, responsive design, and performance optimization for web applications. Candidate ID: 667. Additional skills include problem-solving, teamwork, and communication.                      ",Frontend Developer
"DevOps engineer skilled in CI/CD pipelines, Kubernetes, Terraform, monitoring systems, and infrastructure automation using Python and Bash scripting. Candidate ID: 668. Additional skills include problem-solving, teamwork, and communication.                                 ",DevOps Engineer
"Full stack developer proficient in MERN stack, GraphQL, database design, and end-to-end web application development. Candidate ID: 669. Additional skills include problem-solving, teamwork, and communication.                                    ",Full Stack Developer
"UX designer proficient in Figma, user research, wireframing, prototyping, and usability testing. Created intuitive interfaces for web and mobile applications. Candidate ID: 670. Additional skills include problem-solving, teamwork, and communication.                   ",UX Designer
"Product manager with 5+ years experience in agile methodologies, user research, product strategy, and cross-functional team leadership. Candidate ID: 671. Additional skills include problem-solving, teamwork, and communication.                                           ",Product Manager
"Experienced data scientist with expertise in machine learning, Python, TensorFlow, and statistical analysis. Led multiple projects in predictive modeling and data visualization. Candidate ID: 672. Additional skills include problem-solving, teamwork, and communication.                                             ",Data Scientist
"Software engineer specializing in backend development with Java, Spring Boot, microservices architecture, and cloud technologies including AWS and Docker. Candidate ID: 673. Additional skills include problem-solving, teamwork, and communication.         ",Software Engineer
"Full stack developer proficient in MERN stack, GraphQL, database design, and end-to-end web application development. Candidate ID: 674. Additional skills include problem-solving, teamwork, and communication.  ",Full Stack Developer
"DevOps engineer skilled in CI/CD pipelines, Kubernetes, Terraform, monitoring systems, and infrastructure automation using Python and Bash scripting. Candidate ID: 675. Additional skills include problem-solving, teamwork, and communication.         ",DevOps Engineer
"Backend developer with expertise in Node.js, PostgreSQL, Redis, API design, and building scalable distributed systems. Candidate ID: 676. Additional skills include problem-solving, teamwork, and communication.                                        ",Backend Developer
"Experienced data scientist with expertise in machine learning, Python, TensorFlow, and statistical analysis. Led multiple projects in predictive modeling and data visualization. Candidate ID: 677. Additional skills include problem-solving, teamwork, and communication. ",Data Scientist
"Backend developer with expertise in Node.js, PostgreSQL, Redis, API design, and building scalable distributed systems. Candidate ID: 678. Additional skills include problem-solving, teamwork, and communication.                                           ",Backend Developer
"Frontend developer specializing in React, TypeScript, modern CSS, responsive design, and performance optimization for web applications. Candidate ID: 679. Additional skills include problem-solving, teamwork, and communication.                                          ",Frontend Developer
"Backend developer with expertise in Node.js, PostgreSQL, Redis, API design, and building scalable distributed systems. Candidate ID: 680. Additional skills include problem-solving, teamwork, and communication.                                       ",Backend Developer
"Product manager with 5+ years experience in agile methodologies, user research, product strategy, and cross-functional team leadership. Candidate ID: 681. Additional skills include problem-solving, teamwork, and communication.   ",Product Manager
"Software engineer specializing in backend development with Java, Spring Boot, microservices architecture, and cloud technologies including AWS and Docker. Candidate ID: 682. Additional skills include problem-solving, teamwork, and communication.                                     ",Software Engineer
"Product manager with 5+ years experience in agile methodologies, user research, product strategy, and cross-functional team leadership. Candidate ID: 683. Additional skills include problem-solving, teamwork, and communication.                              ",Product Manager
"Data analyst with strong SQL skills, experience in Tableau, Power BI, statistical analysis, and business intelligence reporting. Candidate ID: 684. Additional skills include problem-solving, teamwork, and communication.                                  ",Data Analyst
"Product manager with 5+ years experience in agile methodologies, user research, product strategy, and cross-functional team leadership. Candidate ID: 685. Additional skills include problem-solving, teamwork, and communication.                                     ",Product Manager
"Experienced data scientist with expertise in machine learning, Python, TensorFlow, and statistical analysis. Led multiple projects in predictive modeling and data visualization. Candidate ID: 686. Additional skills include problem-solving, teamwork, and communication.                 ",Data Scientist
"Full stack developer proficient in MERN stack, GraphQL, database design, and end-to-end web application development. Candidate ID: 687. Additional skills include problem-solving, teamwork, and communication.                                                 ",Full Stack Developer
"Frontend developer specializing in React, TypeScript, modern CSS, responsive design, and performance optimization for web applications. Candidate ID: 688. Additional skills include problem-solving, teamwork, and communication.                   ",Frontend Developer
"Frontend developer specializing in React, TypeScript, modern CSS, responsive design, and performance optimization for web applications. Candidate ID: 689. Additional skills include problem-solving, teamwork, and communication.                               ",Frontend Developer
"DevOps engineer skilled in CI/CD pipelines, Kubernetes, Terraform, monitoring systems, and infrastructure automation using Python and Bash scripting. Candidate ID: 690. Additional skills include problem-solving, teamwork, and communication.                 ",DevOps Engineer
"Machine learning engineer with deep learning expertise, PyTorch, computer vision, NLP, and deployment of ML models at scale. Candidate ID: 691. Additional skills include problem-solving, teamwork, and communication.                                     ",Machine Learning Engineer
"Data analyst with strong SQL skills, experience in Tableau, Power BI, statistical analysis, and business intelligence reporting. Candidate ID: 692. Additional skills include problem-solving, teamwork, and communication.                ",Data Analyst
"Data analyst with strong SQL skills, experience in Tableau, Power BI, statistical analysis, and business intelligence reporting. Candidate ID: 693. Additional skills include problem-solving, teamwork, and communication.        ",Data Analyst
"Backend developer with expertise in Node.js, PostgreSQL, Redis, API design, and building scalable distributed systems. Candidate ID: 694. Additional skills include problem-solving, teamwork, and communication.                  ",Backend Developer
"Backend developer with expertise in Node.js, PostgreSQL, Redis, API design, and building scalable distributed systems. Candidate ID: 695. Additional skills include problem-solving, teamwork, and communication.            ",Backend Developer
"Full stack developer proficient in MERN stack, GraphQL, database design, and end-to-end web application development. Candidate ID: 696. Additional skills include problem-solving, teamwork, and communication.                                         ",Full Stack Developer
"Full stack developer proficient in MERN stack, GraphQL, database design, and end-to-end web application development. Candidate ID: 697. Additional skills include problem-solving, teamwork, and communication.                                               ",Full Stack Developer
"Full stack developer proficient in MERN stack, GraphQL, database design, and end-to-end web application development. Candidate ID: 698. Additional skills include problem-solving, teamwork, and communication.                ",Full Stack Developer
"Machine learning engineer with deep learning expertise, PyTorch, computer vision, NLP, and deployment of ML models at scale. Candidate ID: 699. Additional skills include problem-solving, teamwork, and communication.                 ",Machine Learning Engineer
"Machine learning engineer with deep learning expertise, PyTorch, computer vision, NLP, and deployment of ML models at scale. Candidate ID: 700. Additional skills include problem-solving, teamwork, and communication.                          ",Machine Learning Engineer
"DevOps engineer skilled in CI/CD pipelines, Kubernetes, Terraform, monitoring systems, and infrastructure automation using Python and Bash scripting. Candidate ID: 701. Additional skills include problem-solving, teamwork, and communication.                      ",DevOps Engineer
"Full stack developer proficient in MERN stack, GraphQL, database design, and end-to-end web application development. Candidate ID: 702. Additional skills include problem-solving, teamwork, and communication.       ",Full Stack Developer
"DevOps engineer skilled in CI/CD pipelines, Kubernetes, Terraform, monitoring systems, and infrastructure automation using Python and Bash scripting. Candidate ID: 703. Additional skills include problem-solving, teamwork, and communication.       ",DevOps Engineer
"Backend developer with expertise in Node.js, PostgreSQL, Redis, API design, and building scalable distributed systems. Candidate ID: 704. Additional skills include problem-solving, teamwork, and communication.                                                ",Backend Developer
"Frontend developer specializing in React, TypeScript, modern CSS, responsive design, and performance optimization for web applications. Candidate ID: 705. Additional skills include problem-solving, teamwork, and communication.                                                  ",Frontend Developer
"Machine learning engineer with deep learning expertise, PyTorch, computer vision, NLP, and deployment of ML models at scale. Candidate ID: 706. Additional skills include problem-solving, teamwork, and communication.                             ",Machine Learning Engineer
"Software engineer specializing in backend development with Java, Spring Boot, microservices architecture, and cloud technologies including AWS and Docker. Candidate ID: 707. Additional skills include problem-solving, teamwork, and communication.                               ",Software Engineer
"UX designer proficient in Figma, user research, wireframing, prototyping, and usability testing. Created intuitive interfaces for web and mobile applications. Candidate ID: 708. Additional skills include problem-solving, teamwork, and communication.                                       ",UX Designer
"Product manager with 5+ years experience in agile methodologies, user research, product strategy, and cross-functional team leadership. Candidate ID: 709. Additional skills include problem-solving, teamwork, and communication.                  ",Product Manager
"Full stack developer proficient in MERN stack, GraphQL, database design, and end-to-end web application development. Candidate ID: 710. Additional skills include problem-solving, teamwork, and communication.                                       ",Full Stack Developer
"Experienced data scientist with expertise in machine learning, Python, TensorFlow, and statistical analysis. Led multiple projects in predictive modeling and data visualization. Candidate ID: 711. Additional skills include problem-solving, teamwork, and communication.              ",Data Scientist
"Frontend developer specializing in React, TypeScript, modern CSS, responsive design, and performance optimization for web applications. Candidate ID: 712. Additional skills include problem-solving, teamwork, and communication.                                   ",Frontend Developer
"Software engineer specializing in backend development with Java, Spring Boot, microservices architecture, and cloud technologies including AWS and Docker. Candidate ID: 713. Additional skills include problem-solving, teamwork, and communication.   ",Software Engineer
"DevOps engineer skilled in CI/CD pipelines, Kubernetes, Terraform, monitoring systems, and infrastructure automation using Python and Bash scripting. Candidate ID: 714. Additional skills include problem-solving, teamwork, and communication.                                           ",DevOps Engineer
"Frontend developer specializing in React, TypeScript, modern CSS, responsive design, and performance optimization for web applications. Candidate ID: 715. Additional skills include problem-solving, teamwork, and communication.                          ",Frontend Developer
"Machine learning engineer with deep learning expertise, PyTorch, computer vision, NLP, and deployment of ML models at scale. Candidate ID: 716. Additional skills include problem-solving, teamwork, and communication.                       ",Machine Learning Engineer
"Machine learning engineer with deep learning expertise, PyTorch, computer vision, NLP, and deployment of ML models at scale. Candidate ID: 717. Additional skills include problem-solving, teamwork, and communication.               ",Machine Learning Engineer
"Frontend developer specializing in React, TypeScript, modern CSS, responsive design, and performance optimization for web applications. Candidate ID: 718. Additional skills include problem-solving, teamwork, and communication.                                                 ",Frontend Developer
"UX designer proficient in Figma, user research, wireframing, prototyping, and usability testing. Created intuitive interfaces for web and mobile applications. Candidate ID: 719. Additional skills include problem-solving, teamwork, and communication.                             ",UX Designer
"Data analyst with strong SQL skills, experience in Tableau, Power BI, statistical analysis, and business intelligence reporting. Candidate ID: 720. Additional skills include problem-solving, teamwork, and communication.                         ",Data Analyst
"Software engineer specializing in backend development with Java, Spring Boot, microservices architecture, and cloud technologies including AWS and Docker. Candidate ID: 721. Additional skills include problem-solving, teamwork, and communication.                                 ",Software Engineer
"Full stack developer proficient in MERN stack, GraphQL, database design, and end-to-end web application development. Candidate ID: 722. Additional skills include problem-solving, teamwork, and communication.                                            ",Full Stack Developer
"Software engineer specializing in backend development with Java, Spring Boot, microservices architecture, and cloud technologies including AWS and Docker. Candidate ID: 723. Additional skills include problem-solving, teamwork, and communication.                                   ",Software Engineer
"Full stack developer proficient in MERN stack, GraphQL, database design, and end-to-end web application development. Candidate ID: 724. Additional skills include problem-solving, teamwork, and communication.                                  ",Full Stack Developer
"Machine learning engineer with deep learning expertise, PyTorch, computer vision, NLP, and deployment of ML models at scale. Candidate ID: 725. Additional skills include problem-solving, teamwork, and communication.             ",Machine Learning Engineer
"Software engineer specializing in backend development with Java, Spring Boot, microservices architecture, and cloud technologies including AWS and Docker. Candidate ID: 726. Additional skills include problem-solving, teamwork, and communication.                                ",Software Engineer
"Product manager with 5+ years experience in agile methodologies, user research, product strategy, and cross-functional team leadership. Candidate ID: 727. Additional skills include problem-solving, teamwork, and communication.                                       ",Product Manager
"UX designer proficient in Figma, user research, wireframing, prototyping, and usability testing. Created intuitive interfaces for web and mobile applications. Candidate ID: 728. Additional skills include problem-solving, teamwork, and communication.                             ",UX Designer
"Experienced data scientist with expertise in machine learning, Python, TensorFlow, and statistical analysis. Led multiple projects in predictive modeling and data visualization. Candidate ID: 729. Additional skills include problem-solving, teamwork, and communication.                             ",Data Scientist
"DevOps engineer skilled in CI/CD pipelines, Kubernetes, Terraform, monitoring systems, and infrastructure automation using Python and Bash scripting. Candidate ID: 730. Additional skills include problem-solving, teamwork, and communication.                                            ",DevOps Engineer
"Backend developer with expertise in Node.js, PostgreSQL, Redis, API design, and building scalable distributed systems. Candidate ID: 731. Additional skills include problem-solving, teamwork, and communication.                ",Backend Developer
"Frontend developer specializing in React, TypeScript, modern CSS, responsive design, and performance optimization for web applications. Candidate ID: 732. Additional skills include problem-solving, teamwork, and communication.                                            ",Frontend Developer
"Backend developer with expertise in Node.js, PostgreSQL, Redis, API design, and building scalable distributed systems. Candidate ID: 733. Additional skills include problem-solving, teamwork, and communication.          ",Backend Developer
"Backend developer with expertise in Node.js, PostgreSQL, Redis, API design, and building scalable distributed systems. Candidate ID: 734. Additional skills include problem-solving, teamwork, and communication.                                       ",Backend Developer
"UX designer proficient in Figma, user research, wireframing, prototyping, and usability testing. Created intuitive interfaces for web and mobile applications. Candidate ID: 735. Additional skills include problem-solving, teamwork, and communication.     ",UX Designer
"Experienced data scientist with expertise in machine learning, Python, TensorFlow, and statistical analysis. Led multiple projects in predictive modeling and data visualization. Candidate ID: 736. Additional skills include problem-solving, teamwork, and communication.                              ",Data Scientist
"Experienced data scientist with expertise in machine learning, Python, TensorFlow, and statistical analysis. Led multiple projects in predictive modeling and data visualization. Candidate ID: 737. Additional skills include problem-solving, teamwork, and communication.   ",Data Scientist
"Frontend developer specializing in React, TypeScript, modern CSS, responsive design, and performance optimization for web applications. Candidate ID: 738. Additional skills include problem-solving, teamwork, and communication.                              ",Frontend Developer
"Software engineer specializing in backend development with Java, Spring Boot, microservices architecture, and cloud technologies including AWS and Docker. Candidate ID: 739. Additional skills include problem-solving, teamwork, and communication.    ",Software Engineer
"Software engineer specializing in backend development with Java, Spring Boot, microservices architecture, and cloud technologies including AWS and Docker. Candidate ID: 740. Additional skills include problem-solving, teamwork, and communication.                                     ",Software Engineer
"Backend developer with expertise in Node.js, PostgreSQL, Redis, API design, and building scalable distributed systems. Candidate ID: 741. Additional skills include problem-solving, teamwork, and communication.                                                ",Backend Developer
"Experienced data scientist with expertise in machine learning, Python, TensorFlow, and statistical analysis. Led multiple projects in predictive modeling and data visualization. Candidate ID: 742. Additional skills include problem-solving, teamwork, and communication.                                              ",Data Scientist
"Backend developer with expertise in Node.js, PostgreSQL, Redis, API design, and building scalable distributed systems. Candidate ID: 743. Additional skills include problem-solving, teamwork, and communication.               ",Backend Developer
"Experienced data scientist with expertise in machine learning, Python, TensorFlow, and statistical analysis. Led multiple projects in predictive modeling and data visualization. Candidate ID: 744. Additional skills include problem-solving, teamwork, and communication.                        ",Data Scientist
"UX designer proficient in Figma, user research, wireframing, prototyping, and usability testing. Created intuitive interfaces for web and mobile applications. Candidate ID: 745. Additional skills include problem-solving, teamwork, and communication.            ",UX Designer
"Full stack developer proficient in MERN stack, GraphQL, database design, and end-to-end web application development. Candidate ID: 746. Additional skills include problem-solving, teamwork, and communication.                                     ",Full Stack Developer
"DevOps engineer skilled in CI/CD pipelines, Kubernetes, Terraform, monitoring systems, and infrastructure automation using Python and Bash scripting. Candidate ID: 747. Additional skills include problem-solving, teamwork, and communication.                                           ",DevOps Engineer
"Data analyst with strong SQL skills, experience in Tableau, Power BI, statistical analysis, and business intelligence reporting. Candidate ID: 748. Additional skills include problem-solving, teamwork, and communication.                                       ",Data Analyst
"Frontend developer specializing in React, TypeScript, modern CSS, responsive design, and performance optimization for web applications. Candidate ID: 749. Additional skills include problem-solving, teamwork, and communication.                                              ",Frontend Developer
"Frontend developer specializing in React, TypeScript, modern CSS, responsive design, and performance optimization for web applications. Candidate ID: 750. Additional skills include problem-solving, teamwork, and communication.           ",Frontend Developer
"Software engineer specializing in backend development with Java, Spring Boot, microservices architecture, and cloud technologies including AWS and Docker. Candidate ID: 751. Additional skills include problem-solving, teamwork, and communication.                         ",Software Engineer
"Machine learning engineer with deep learning expertise, PyTorch, computer vision, NLP, and deployment of ML models at scale. Candidate ID: 752. Additional skills include problem-solving, teamwork, and communication.    ",Machine Learning Engineer
"Frontend developer specializing in React, TypeScript, modern CSS, responsive design, and performance optimization for web applications. Candidate ID: 753. Additional skills include problem-solving, teamwork, and communication.                    ",Frontend Developer
"Data analyst with strong SQL skills, experience in Tableau, Power BI, statistical analysis, and business intelligence reporting. Candidate ID: 754. Additional skills include problem-solving, teamwork, and communication.                                             ",Data Analyst
"Full stack developer proficient in MERN stack, GraphQL, database design, and end-to-end web application development. Candidate ID: 755. Additional skills include problem-solving, teamwork, and communication.                                           ",Full Stack Developer
"Software engineer specializing in backend development with Java, Spring Boot, microservices architecture, and cloud technologies including AWS and Docker. Candidate ID: 756. Additional skills include problem-solving, teamwork, and communication.                          ",Software Engineer
"Backend developer with expertise in Node.js, PostgreSQL, Redis, API design, and building scalable distributed systems. Candidate ID: 757. Additional skills include problem-solving, teamwork, and communication.                                                 ",Backend Developer
"Full stack developer proficient in MERN stack, GraphQL, database design, and end-to-end web application development. Candidate ID: 758. Additional skills include problem-solving, teamwork, and communication.   ",Full Stack Developer
"Frontend developer specializing in React, TypeScript, modern CSS, responsive design, and performance optimization for web applications. Candidate ID: 759. Additional skills include problem-solving, teamwork, and communication.      ",Frontend Developer
"DevOps engineer skilled in CI/CD pipelines, Kubernetes, Terraform, monitoring systems, and infrastructure automation using Python and Bash scripting. Candidate ID: 760. Additional skills include problem-solving, teamwork, and communication.     ",DevOps Engineer
"Data analyst with strong SQL skills, experience in Tableau, Power BI, statistical analysis, and business intelligence reporting. Candidate ID: 761. Additional skills include problem-solving, teamwork, and communication.                                               ",Data Analyst
"Machine learning engineer with deep learning expertise, PyTorch, computer vision, NLP, and deployment of ML models at scale. Candidate ID: 762. Additional skills include problem-solving, teamwork, and communication.                                                 ",Machine Learning Engineer
"Backend developer with expertise in Node.js, PostgreSQL, Redis, API design, and building scalable distributed systems. Candidate ID: 763. Additional skills include problem-solving, teamwork, and communication.                                   ",Backend Developer
"UX designer proficient in Figma, user research, wireframing, prototyping, and usability testing. Created intuitive interfaces for web and mobile applications. Candidate ID: 764. Additional skills include problem-solving, teamwork, and communication.                                                 ",UX Designer
"Full stack developer proficient in MERN stack, GraphQL, database design, and end-to-end web application development. Candidate ID: 765. Additional skills include problem-solving, teamwork, and communication.                                   ",Full Stack Developer
"Software engineer specializing in backend development with Java, Spring Boot, microservices architecture, and cloud technologies including AWS and Docker. Candidate ID: 766. Additional skills include problem-solving, teamwork, and communication.                  ",Software Engineer
"Experienced data scientist with expertise in machine learning, Python, TensorFlow, and statistical analysis. Led multiple projects in predictive modeling and data visualization. Candidate ID: 767. Additional skills include problem-solving, teamwork, and communication.                        ",Data Scientist
"Product manager with 5+ years experience in agile methodologies, user research, product strategy, and cross-functional team leadership. Candidate ID: 768. Additional skills include problem-solving, teamwork, and communication.                                ",Product Manager
"Product manager with 5+ years experience in agile methodologies, user research, product strategy, and cross-functional team leadership. Candidate ID: 769. Additional skills include problem-solving, teamwork, and communication.                                      ",Product Manager
"Frontend developer specializing in React, TypeScript, modern CSS, responsive design, and performance optimization for web applications. Candidate ID: 770. Additional skills include problem-solving, teamwork, and communication.                                               ",Frontend Developer
"Backend developer with expertise in Node.js, PostgreSQL, Redis, API design, and building scalable distributed systems. Candidate ID: 771. Additional skills include problem-solving, teamwork, and communication.         ",Backend Developer
"UX designer proficient in Figma, user research, wireframing, prototyping, and usability testing. Created intuitive interfaces for web and mobile applications. Candidate ID: 772. Additional skills include problem-solving, teamwork, and communication.              ",UX Designer
"DevOps engineer skilled in CI/CD pipelines, Kubernetes, Terraform, monitoring systems, and infrastructure automation using Python and Bash scripting. Candidate ID: 773. Additional skills include problem-solving, teamwork, and communication.                                  ",DevOps Engineer
"Backend developer with expertise in Node.js, PostgreSQL, Redis, API design, and building scalable distributed systems. Candidate ID: 774. Additional skills include problem-solving, teamwork, and communication.   ",Backend Developer
"Backend developer with expertise in Node.js, PostgreSQL, Redis, API design, and building scalable distributed systems. Candidate ID: 775. Additional skills include problem-solving, teamwork, and communication.   ",Backend Developer
"Backend developer with expertise in Node.js, PostgreSQL, Redis, API design, and building scalable distributed systems. Candidate ID: 776. Additional skills include problem-solving, teamwork, and communication.                                  ",Backend Developer
"Full stack developer proficient in MERN stack, GraphQL, database design, and end-to-end web application development. Candidate ID: 777. Additional skills include problem-solving, teamwork, and communication.         ",Full Stack Developer
"Frontend developer specializing in React, TypeScript, modern CSS, responsive design, and performance optimization for web applications. Candidate ID: 778. Additional skills include problem-solving, teamwork, and communication.                         ",Frontend Developer
"DevOps engineer skilled in CI/CD pipelines, Kubernetes, Terraform, monitoring systems, and infrastructure automation using Python and Bash scripting. Candidate ID: 779. Additional skills include problem-solving, teamwork, and communication.           ",DevOps Engineer
"Software engineer specializing in backend development with Java, Spring Boot, microservices architecture, and cloud technologies including AWS and Docker. Candidate ID: 780. Additional skills include problem-solving, teamwork, and communication.                        ",Software Engineer
"Data analyst with strong SQL skills, experience in Tableau, Power BI, statistical analysis, and business intelligence reporting. Candidate ID: 781. Additional skills include problem-solving, teamwork, and communication.        ",Data Analyst
"DevOps engineer skilled in CI/CD pipelines, Kubernetes, Terraform, monitoring systems, and infrastructure automation using Python and Bash scripting. Candidate ID: 782. Additional skills include problem-solving, teamwork, and communication.                                                ",DevOps Engineer
"Full stack developer proficient in MERN stack, GraphQL, database design, and end-to-end web application development. Candidate ID: 783. Additional skills include problem-solving, teamwork, and communication.                  ",Full Stack Developer
"Data analyst with strong SQL skills, experience in Tableau, Power BI, statistical analysis, and business intelligence reporting. Candidate ID: 784. Additional skills include problem-solving, teamwork, and communication.                                     ",Data Analyst
"DevOps engineer skilled in CI/CD pipelines, Kubernetes, Terraform, monitoring systems, and infrastructure automation using Python and Bash scripting. Candidate ID: 785. Additional skills include problem-solving, teamwork, and communication.             ",DevOps Engineer
"Experienced data scientist with expertise in machine learning, Python, TensorFlow, and statistical analysis. Led multiple projects in predictive modeling and data visualization. Candidate ID: 786. Additional skills include problem-solving, teamwork, and communication.                                                  ",Data Scientist
"Frontend developer specializing in React, TypeScript, modern CSS, responsive design, and performance optimization for web applications. Candidate ID: 787. Additional skills include problem-solving, teamwork, and communication.                                             ",Frontend Developer
"Product manager with 5+ years experience in agile methodologies, user research, product strategy, and cross-functional team leadership. Candidate ID: 788. Additional skills include problem-solving, teamwork, and communication.   ",Product Manager
"Frontend developer specializing in React, TypeScript, modern CSS, responsive design, and performance optimization for web applications. Candidate ID: 789. Additional skills include problem-solving, teamwork, and communication.                                        ",Frontend Developer
"Software engineer specializing in backend development with Java, Spring Boot, microservices architecture, and cloud technologies including AWS and Docker. Candidate ID: 790. Additional skills include problem-solving, teamwork, and communication.                                        ",Software Engineer
"Experienced data scientist with expertise in machine learning, Python, TensorFlow, and statistical analysis. Led multiple projects in predictive modeling and data visualization. Candidate ID: 791. Additional skills include problem-solving, teamwork, and communication.      ",Data Scientist
"Frontend developer specializing in React, TypeScript, modern CSS, responsive design, and performance optimization for web applications. Candidate ID: 792. Additional skills include problem-solving, teamwork, and communication.                   ",Frontend Developer
"Frontend developer specializing in React, TypeScript, modern CSS, responsive design, and performance optimization for web applications. Candidate ID: 793. Additional skills include problem-solving, teamwork, and communication.                            ",Frontend Developer
"Experienced data scientist with expertise in machine learning, Python, TensorFlow, and statistical analysis. Led multiple projects in predictive modeling and data visualization. Candidate ID: 794. Additional skills include problem-solving, teamwork, and communication.                                                ",Data Scientist
"Backend developer with expertise in Node.js, PostgreSQL, Redis, API design, and building scalable distributed systems. Candidate ID: 795. Additional skills include problem-solving, teamwork, and communication.             ",Backend Developer
"Backend developer with expertise in Node.js, PostgreSQL, Redis, API design, and building scalable distributed systems. Candidate ID: 796. Additional skills include problem-solving, teamwork, and communication.                                          ",Backend Developer
"UX designer proficient in Figma, user research, wireframing, prototyping, and usability testing. Created intuitive interfaces for web and mobile applications. Candidate ID: 797. Additional skills include problem-solving, teamwork, and communication.                           ",UX Designer
"Data analyst with strong SQL skills, experience in Tableau, Power BI, statistical analysis, and business intelligence reporting. Candidate ID: 798. Additional skills include problem-solving, teamwork, and communication.       ",Data Analyst
"DevOps engineer skilled in CI/CD pipelines, Kubernetes, Terraform, monitoring systems, and infrastructure automation using Python and Bash scripting. Candidate ID: 799. Additional skills include problem-solving, teamwork, and communication.                                           ",DevOps Engineer
"Full stack developer proficient in MERN stack, GraphQL, database design, and end-to-end web application development. Candidate ID: 800. Additional skills include problem-solving, teamwork, and communication.                               ",Full Stack Developer
"Machine learning engineer with deep learning expertise, PyTorch, computer vision, NLP, and deployment of ML models at scale. Candidate ID: 801. Additional skills include problem-solving, teamwork, and communication.                                          ",Machine Learning Engineer
"Full stack developer proficient in MERN stack, GraphQL, database design, and end-to-end web application development. Candidate ID: 802. Additional skills include problem-solving, teamwork, and communication.                                ",Full Stack Developer
"DevOps engineer skilled in CI/CD pipelines, Kubernetes, Terraform, monitoring systems, and infrastructure automation using Python and Bash scripting. Candidate ID: 803. Additional skills include problem-solving, teamwork, and communication.                              ",DevOps Engineer
"Machine learning engineer with deep learning expertise, PyTorch, computer vision, NLP, and deployment of ML models at scale. Candidate ID: 804. Additional skills include problem-solving, teamwork, and communication.                               ",Machine Learning Engineer
"Software engineer specializing in backend development with Java, Spring Boot, microservices architecture, and cloud technologies including AWS and Docker. Candidate ID: 805. Additional skills include problem-solving, teamwork, and communication.                                    ",Software Engineer
"Software engineer specializing in backend development with Java, Spring Boot, microservices architecture, and cloud technologies including AWS and Docker. Candidate ID: 806. Additional skills include problem-solving, teamwork, and communication.              ",Software Engineer
"Machine learning engineer with deep learning expertise, PyTorch, computer vision, NLP, and deployment of ML models at scale. Candidate ID: 807. Additional skills include problem-solving, teamwork, and communication.  ",Machine Learning Engineer
"Experienced data scientist with expertise in machine learning, Python, TensorFlow, and statistical analysis. Led multiple projects in predictive modeling and data visualization. Candidate ID: 808. Additional skills include problem-solving, teamwork, and communication.                                         ",Data Scientist
"Experienced data scientist with expertise in machine learning, Python, TensorFlow, and statistical analysis. Led multiple projects in predictive modeling and data visualization. Candidate ID: 809. Additional skills include problem-solving, teamwork, and communication.                                        ",Data Scientist
"Software engineer specializing in backend development with Java, Spring Boot, microservices architecture, and cloud technologies including AWS and Docker. Candidate ID: 810. Additional skills include problem-solving, teamwork, and communication.                        ",Software Engineer
"Product manager with 5+ years experience in agile methodologies, user research, product strategy, and cross-functional team leadership. Candidate ID: 811. Additional skills include problem-solving, teamwork, and communication.                                                ",Product Manager
"Data analyst with strong SQL skills, experience in Tableau, Power BI, statistical analysis, and business intelligence reporting. Candidate ID: 812. Additional skills include problem-solving, teamwork, and communication.                   ",Data Analyst
"Machine learning engineer with deep learning expertise, PyTorch, computer vision, NLP, and deployment of ML models at scale. Candidate ID: 813. Additional skills include problem-solving, teamwork, and communication.          ",Machine Learning Engineer
"Backend developer with expertise in Node.js, PostgreSQL, Redis, API design, and building scalable distributed systems. Candidate ID: 814. Additional skills include problem-solving, teamwork, and communication.                                ",Backend Developer
"Software engineer specializing in backend development with Java, Spring Boot, microservices architecture, and cloud technologies including AWS and Docker. Candidate ID: 815. Additional skills include problem-solving, teamwork, and communication.                            ",Software Engineer
"DevOps engineer skilled in CI/CD pipelines, Kubernetes, Terraform, monitoring systems, and infrastructure automation using Python and Bash scripting. Candidate ID: 816. Additional skills include problem-solving, teamwork, and communication.                             ",DevOps Engineer
"Data analyst with strong SQL skills, experience in Tableau, Power BI, statistical analysis, and business intelligence reporting. Candidate ID: 817. Additional skills include problem-solving, teamwork, and communication.    ",Data Analyst
"UX designer proficient in Figma, user research, wireframing, prototyping, and usability testing. Created intuitive interfaces for web and mobile applications. Candidate ID: 818. Additional skills include problem-solving, teamwork, and communication.                                ",UX Designer
"UX designer proficient in Figma, user research, wireframing, prototyping, and usability testing. Created intuitive interfaces for web and mobile applications. Candidate ID: 819. Additional skills include problem-solving, teamwork, and communication.                                                  ",UX Designer
"UX designer proficient in Figma, user research, wireframing, prototyping, and usability testing. Created intuitive interfaces for web and mobile applications. Candidate ID: 820. Additional skills include problem-solving, teamwork, and communication.                           ",UX Designer
"Experienced data scientist with expertise in machine learning, Python, TensorFlow, and statistical analysis. Led multiple projects in predictive modeling and data visualization. Candidate ID: 821. Additional skills include problem-solving, teamwork, and communication.            ",Data Scientist
"Data analyst with strong SQL skills, experience in Tableau, Power BI, statistical analysis, and business intelligence reporting. Candidate ID: 822. Additional skills include problem-solving, teamwork, and communication.                 ",Data Analyst
"Full stack developer proficient in MERN stack, GraphQL, database design, and end-to-end web application development. Candidate ID: 823. Additional skills include problem-solving, teamwork, and communication. ",Full Stack Developer
"Data analyst with strong SQL skills, experience in Tableau, Power BI, statistical analysis, and business intelligence reporting. Candidate ID: 824. Additional skills include problem-solving, teamwork, and communication.                          ",Data Analyst
"Frontend developer specializing in React, TypeScript, modern CSS, responsive design, and performance optimization for web applications. Candidate ID: 825. Additional skills include problem-solving, teamwork, and communication.                  ",Frontend Developer
"Software engineer specializing in backend development with Java, Spring Boot, microservices architecture, and cloud technologies including AWS and Docker. Candidate ID: 826. Additional skills include problem-solving, teamwork, and communication.              ",Software Engineer
"UX designer proficient in Figma, user research, wireframing, prototyping, and usability testing. Created intuitive interfaces for web and mobile applications. Candidate ID: 827. Additional skills include problem-solving, teamwork, and communication.                                   ",UX Designer
"UX designer proficient in Figma, user research, wireframing, prototyping, and usability testing. Created intuitive interfaces for web and mobile applications. Candidate ID: 828. Additional skills include problem-solving, teamwork, and communication.            ",UX Designer
"Machine learning engineer with deep learning expertise, PyTorch, computer vision, NLP, and deployment of ML models at scale. Candidate ID: 829. Additional skills include problem-solving, teamwork, and communication.                             ",Machine Learning Engineer
"Experienced data scientist with expertise in machine learning, Python, TensorFlow, and statistical analysis. Led multiple projects in predictive modeling and data visualization. Candidate ID: 830. Additional skills include problem-solving, teamwork, and communication.      ",Data Scientist
"Product manager with 5+ years experience in agile methodologies, user research, product strategy, and cross-functional team leadership. Candidate ID: 831. Additional skills include problem-solving, teamwork, and communication.           ",Product Manager
"Full stack developer proficient in MERN stack, GraphQL, database design, and end-to-end web application development. Candidate ID: 832. Additional skills include problem-solving, teamwork, and communication.                       ",Full Stack Developer
"Full stack developer proficient in MERN stack, GraphQL, database design, and end-to-end web application development. Candidate ID: 833. Additional skills include problem-solving, teamwork, and communication.                                  ",Full Stack Developer
"Software engineer specializing in backend development with Java, Spring Boot, microservices architecture, and cloud technologies including AWS and Docker. Candidate ID: 834. Additional skills include problem-solving, teamwork, and communication.                             ",Software Engineer
"UX designer proficient in Figma, user research, wireframing, prototyping, and usability testing. Created intuitive interfaces for web and mobile applications. Candidate ID: 835. Additional skills include problem-solving, teamwork, and communication.                 ",UX Designer
"Product manager with 5+ years experience in agile methodologies, user research, product strategy, and cross-functional team leadership. Candidate ID: 836. Additional skills include problem-solving, teamwork, and communication.             ",Product Manager
"Backend developer with expertise in Node.js, PostgreSQL, Redis, API design, and building scalable distributed systems. Candidate ID: 837. Additional skills include problem-solving, teamwork, and communication.                                       ",Backend Developer
"Machine learning engineer with deep learning expertise, PyTorch, computer vision, NLP, and deployment of ML models at scale. Candidate ID: 838. Additional skills include problem-solving, teamwork, and communication.                             ",Machine Learning Engineer
"UX designer proficient in Figma, user research, wireframing, prototyping, and usability testing. Created intuitive interfaces for web and mobile applications. Candidate ID: 839. Additional skills include problem-solving, teamwork, and communication.                                ",UX Designer
"Software engineer specializing in backend development with Java, Spring Boot, microservices architecture, and cloud technologies including AWS and Docker. Candidate ID: 840. Additional skills include problem-solving, teamwork, and communication.                                               ",Software Engineer
"UX designer proficient in Figma, user research, wireframing, prototyping, and usability testing. Created intuitive interfaces for web and mobile applications. Candidate ID: 841. Additional skills include problem-solving, teamwork, and communication.                      ",UX Designer
"Product manager with 5+ years experience in agile methodologies, user research, product strategy, and cross-functional team leadership. Candidate ID: 842. Additional skills include problem-solving, teamwork, and communication.                 ",Product Manager
"Frontend developer specializing in React, TypeScript, modern CSS, responsive design, and performance optimization for web applications. Candidate ID: 843. Additional skills include problem-solving, teamwork, and communication.                            ",Frontend Developer
"DevOps engineer skilled in CI/CD pipelines, Kubernetes, Terraform, monitoring systems, and infrastructure automation using Python and Bash scripting. Candidate ID: 844. Additional skills include problem-solving, teamwork, and communication.                                               ",DevOps Engineer
"DevOps engineer skilled in CI/CD pipelines, Kubernetes, Terraform, monitoring systems, and infrastructure automation using Python and Bash scripting. Candidate ID: 845. Additional skills include problem-solving, teamwork, and communication.                    ",DevOps Engineer
"Data analyst with strong SQL skills, experience in Tableau, Power BI, statistical analysis, and business intelligence reporting. Candidate ID: 846. Additional skills include problem-solving, teamwork, and communication.                   ",Data Analyst
"Backend developer with expertise in Node.js, PostgreSQL, Redis, API design, and building scalable distributed systems. Candidate ID: 847. Additional skills include problem-solving, teamwork, and communication.     ",Backend Developer
"Product manager with 5+ years experience in agile methodologies, user research, product strategy, and cross-functional team leadership. Candidate ID: 848. Additional skills include problem-solving, teamwork, and communication. ",Product Manager
"Full stack developer proficient in MERN stack, GraphQL, database design, and end-to-end web application development. Candidate ID: 849. Additional skills include problem-solving, teamwork, and communication.                                      ",Full Stack Developer
"Software engineer specializing in backend development with Java, Spring Boot, microservices architecture, and cloud technologies including AWS and Docker. Candidate ID: 850. Additional skills include problem-solving, teamwork, and communication.                                   ",Software Engineer
"Experienced data scientist with expertise in machine learning, Python, TensorFlow, and statistical analysis. Led multiple projects in predictive modeling and data visualization. Candidate ID: 851. Additional skills include problem-solving, teamwork, and communication.                         ",Data Scientist
"Frontend developer specializing in React, TypeScript, modern CSS, responsive design, and performance optimization for web applications. Candidate ID: 852. Additional skills include problem-solving, teamwork, and communication.            ",Frontend Developer
"Software engineer specializing in backend development with Java, Spring Boot, microservices architecture, and cloud technologies including AWS and Docker. Candidate ID: 853. Additional skills include problem-solving, teamwork, and communication.               ",Software Engineer
"Frontend developer specializing in React, TypeScript, modern CSS, responsive design, and performance optimization for web applications. Candidate ID: 854. Additional skills include problem-solving, teamwork, and communication.                                              ",Frontend Developer
"Backend developer with expertise in Node.js, PostgreSQL, Redis, API design, and building scalable distributed systems. Candidate ID: 855. Additional skills include problem-solving, teamwork, and communication.                 ",Backend Developer
"DevOps engineer skilled in CI/CD pipelines, Kubernetes, Terraform, monitoring systems, and infrastructure automation using Python and Bash scripting. Candidate ID: 856. Additional skills include problem-solving, teamwork, and communication.        ",DevOps Engineer
"Software engineer specializing in backend development with Java, Spring Boot, microservices architecture, and cloud technologies including AWS and Docker. Candidate ID: 857. Additional skills include problem-solving, teamwork, and communication.       ",Software Engineer
"Product manager with 5+ years experience in agile methodologies, user research, product strategy, and cross-functional team leadership. Candidate ID: 858. Additional skills include problem-solving, teamwork, and communication.                             ",Product Manager
"DevOps engineer skilled in CI/CD pipelines, Kubernetes, Terraform, monitoring systems, and infrastructure automation using Python and Bash scripting. Candidate ID: 859. Additional skills include problem-solving, teamwork, and communication.                        ",DevOps Engineer
"Full stack developer proficient in MERN stack, GraphQL, database design, and end-to-end web application development. Candidate ID: 860. Additional skills include problem-solving, teamwork, and communication.   ",Full Stack Developer
"UX designer proficient in Figma, user research, wireframing, prototyping, and usability testing. Created intuitive interfaces for web and mobile applications. Candidate ID: 861. Additional skills include problem-solving, teamwork, and communication.                                              ",UX Designer
"Backend developer with expertise in Node.js, PostgreSQL, Redis, API design, and building scalable distributed systems. Candidate ID: 862. Additional skills include problem-solving, teamwork, and communication.                              ",Backend Developer
"Machine learning engineer with deep learning expertise, PyTorch, computer vision, NLP, and deployment of ML models at scale. Candidate ID: 863. Additional skills include problem-solving, teamwork, and communication.                 ",Machine Learning Engineer
"UX designer proficient in Figma, user research, wireframing, prototyping, and usability testing. Created intuitive interfaces for web and mobile applications. Candidate ID: 864. Additional skills include problem-solving, teamwork, and communication.                                    ",UX Designer
"Backend developer with expertise in Node.js, PostgreSQL, Redis, API design, and building scalable distributed systems. Candidate ID: 865. Additional skills include problem-solving, teamwork, and communication.                                      ",Backend Developer
"Backend developer with expertise in Node.js, PostgreSQL, Redis, API design, and building scalable distributed systems. Candidate ID: 866. Additional skills include problem-solving, teamwork, and communication.                      ",Backend Developer
"Data analyst with strong SQL skills, experience in Tableau, Power BI, statistical analysis, and business intelligence reporting. Candidate ID: 867. Additional skills include problem-solving, teamwork, and communication.  ",Data Analyst
"Frontend developer specializing in React, TypeScript, modern CSS, responsive design, and performance optimization for web applications. Candidate ID: 868. Additional skills include problem-solving, teamwork, and communication.        ",Frontend Developer
"Experienced data scientist with expertise in machine learning, Python, TensorFlow, and statistical analysis. Led multiple projects in predictive modeling and data visualization. Candidate ID: 869. Additional skills include problem-solving, teamwork, and communication.        ",Data Scientist
"DevOps engineer skilled in CI/CD pipelines, Kubernetes, Terraform, monitoring systems, and infrastructure automation using Python and Bash scripting. Candidate ID: 870. Additional skills include problem-solving, teamwork, and communication.                  ",DevOps Engineer
"Software engineer specializing in backend development with Java, Spring Boot, microservices architecture, and cloud technologies including AWS and Docker. Candidate ID: 871. Additional skills include problem-solving, teamwork, and communication.                                              ",Software Engineer
"Data analyst with strong SQL skills, experience in Tableau, Power BI, statistical analysis, and business intelligence reporting. Candidate ID: 872. Additional skills include problem-solving, teamwork, and communication.                                ",Data Analyst
"Backend developer with expertise in Node.js, PostgreSQL, Redis, API design, and building scalable distributed systems. Candidate ID: 873. Additional skills include problem-solving, teamwork, and communication.                                 ",Backend Developer
"Data analyst with strong SQL skills, experience in Tableau, Power BI, statistical analysis, and business intelligence reporting. Candidate ID: 874. Additional skills include problem-solving, teamwork, and communication.                                         ",Data Analyst
"Frontend developer specializing in React, TypeScript, modern CSS, responsive design, and performance optimization for web applications. Candidate ID: 875. Additional skills include problem-solving, teamwork, and communication.           ",Frontend Developer
"Data analyst with strong SQL skills, experience in Tableau, Power BI, statistical analysis, and business intelligence reporting. Candidate ID: 876. Additional skills include problem-solving, teamwork, and communication.                        ",Data Analyst
"Backend developer with expertise in Node.js, PostgreSQL, Redis, API design, and building scalable distributed systems. Candidate ID: 877. Additional skills include problem-solving, teamwork, and communication.                 ",Backend Developer
"Backend developer with expertise in Node.js, PostgreSQL, Redis, API design, and building scalable distributed systems. Candidate ID: 878. Additional skills include problem-solving, teamwork, and communication.                                              ",Backend Developer
"Data analyst with strong SQL skills, experience in Tableau, Power BI, statistical analysis, and business intelligence reporting. Candidate ID: 879. Additional skills include problem-solving, teamwork, and communication.                      ",Data Analyst
"UX designer proficient in Figma, user research, wireframing, prototyping, and usability testing. Created intuitive interfaces for web and mobile applications. Candidate ID: 880. Additional skills include problem-solving, teamwork, and communication.                                 ",UX Designer
"Full stack developer proficient in MERN stack, GraphQL, database design, and end-to-end web application development. Candidate ID: 881. Additional skills include problem-solving, teamwork, and communication.                                        ",Full Stack Developer
"Software engineer specializing in backend development with Java, Spring Boot, microservices architecture, and cloud technologies including AWS and Docker. Candidate ID: 882. Additional skills include problem-solving, teamwork, and communication.                                 ",Software Engineer
"Software engineer specializing in backend development with Java, Spring Boot, microservices architecture, and cloud technologies including AWS and Docker. Candidate ID: 883. Additional skills include problem-solving, teamwork, and communication.                                 ",Software Engineer
"Experienced data scientist with expertise in machine learning, Python, TensorFlow, and statistical analysis. Led multiple projects in predictive modeling and data visualization. Candidate ID: 884. Additional skills include problem-solving, teamwork, and communication.                                         ",Data Scientist
"Experienced data scientist with expertise in machine learning, Python, TensorFlow, and statistical analysis. Led multiple projects in predictive modeling and data visualization. Candidate ID: 885. Additional skills include problem-solving, teamwork, and communication.             ",Data Scientist
"UX designer proficient in Figma, user research, wireframing, prototyping, and usability testing. Created intuitive interfaces for web and mobile applications. Candidate ID: 886. Additional skills include problem-solving, teamwork, and communication.                          ",UX Designer
"Data analyst with strong SQL skills, experience in Tableau, Power BI, statistical analysis, and business intelligence reporting. Candidate ID: 887. Additional skills include problem-solving, teamwork, and communication.                                       ",Data Analyst
"Software engineer specializing in backend development with Java, Spring Boot, microservices architecture, and cloud technologies including AWS and Docker. Candidate ID: 888. Additional skills include problem-solving, teamwork, and communication.                                      ",Software Engineer
"Machine learning engineer with deep learning expertise, PyTorch, computer vision, NLP, and deployment of ML models at scale. Candidate ID: 889. Additional skills include problem-solving, teamwork, and communication.                          ",Machine Learning Engineer
"Full stack developer proficient in MERN stack, GraphQL, database design, and end-to-end web application development. Candidate ID: 890. Additional skills include problem-solving, teamwork, and communication.                                                  ",Full Stack Developer
"Software engineer specializing in backend development with Java, Spring Boot, microservices architecture, and cloud technologies including AWS and Docker. Candidate ID: 891. Additional skills include problem-solving, teamwork, and communication.                                          ",Software Engineer
"Machine learning engineer with deep learning expertise, PyTorch, computer vision, NLP, and deployment of ML models at scale. Candidate ID: 892. Additional skills include problem-solving, teamwork, and communication.                                            ",Machine Learning Engineer
"Experienced data scientist with expertise in machine learning, Python, TensorFlow, and statistical analysis. Led multiple projects in predictive modeling and data visualization. Candidate ID: 893. Additional skills include problem-solving, teamwork, and communication.                                        ",Data Scientist
"Product manager with 5+ years experience in agile methodologies, user research, product strategy, and cross-functional team leadership. Candidate ID: 894. Additional skills include problem-solving, teamwork, and communication.      ",Product Manager
"Backend developer with expertise in Node.js, PostgreSQL, Redis, API design, and building scalable distributed systems. Candidate ID: 895. Additional skills include problem-solving, teamwork, and communication.      ",Backend Developer
"Backend developer with expertise in Node.js, PostgreSQL, Redis, API design, and building scalable distributed systems. Candidate ID: 896. Additional skills include problem-solving, teamwork, and communication.                                       ",Backend Developer
"Backend developer with expertise in Node.js, PostgreSQL, Redis, API design, and building scalable distributed systems. Candidate ID: 897. Additional skills include problem-solving, teamwork, and communication.                                                  ",Backend Developer
"Frontend developer specializing in React, TypeScript, modern CSS, responsive design, and performance optimization for web applications. Candidate ID: 898. Additional skills include problem-solving, teamwork, and communication.        ",Frontend Developer
"Software engineer specializing in backend development with Java, Spring Boot, microservices architecture, and cloud technologies including AWS and Docker. Candidate ID: 899. Additional skills include problem-solving, teamwork, and communication.                            ",Software Engineer
"UX designer proficient in Figma, user research, wireframing, prototyping, and usability testing. Created intuitive interfaces for web and mobile applications. Candidate ID: 900. Additional skills include problem-solving, teamwork, and communication.                                               ",UX Designer
"Machine learning engineer with deep learning expertise, PyTorch, computer vision, NLP, and deployment of ML models at scale. Candidate ID: 901. Additional skills include problem-solving, teamwork, and communication.           ",Machine Learning Engineer
"UX designer proficient in Figma, user research, wireframing, prototyping, and usability testing. Created intuitive interfaces for web and mobile applications. Candidate ID: 902. Additional skills include problem-solving, teamwork, and communication.                ",UX Designer
"UX designer proficient in Figma, user research, wireframing, prototyping, and usability testing. Created intuitive interfaces for web and mobile applications. Candidate ID: 903. Additional skills include problem-solving, teamwork, and communication.      ",UX Designer
"Full stack developer proficient in MERN stack, GraphQL, database design, and end-to-end web application development. Candidate ID: 904. Additional skills include problem-solving, teamwork, and communication.                      ",Full Stack Developer
"Full stack developer proficient in MERN stack, GraphQL, database design, and end-to-end web application development. Candidate ID: 905. Additional skills include problem-solving, teamwork, and communication.   ",Full Stack Developer
"Backend developer with expertise in Node.js, PostgreSQL, Redis, API design, and building scalable distributed systems. Candidate ID: 906. Additional skills include problem-solving, teamwork, and communication.                                          ",Backend Developer
"Software engineer specializing in backend development with Java, Spring Boot, microservices architecture, and cloud technologies including AWS and Docker. Candidate ID: 907. Additional skills include problem-solving, teamwork, and communication.            ",Software Engineer
"Machine learning engineer with deep learning expertise, PyTorch, computer vision, NLP, and deployment of ML models at scale. Candidate ID: 908. Additional skills include problem-solving, teamwork, and communication.            ",Machine Learning Engineer
"Backend developer with expertise in Node.js, PostgreSQL, Redis, API design, and building scalable distributed systems. Candidate ID: 909. Additional skills include problem-solving, teamwork, and communication.                                             ",Backend Developer
"Product manager with 5+ years experience in agile methodologies, user research, product strategy, and cross-functional team leadership. Candidate ID: 910. Additional skills include problem-solving, teamwork, and communication.                   ",Product Manager
"Machine learning engineer with deep learning expertise, PyTorch, computer vision, NLP, and deployment of ML models at scale. Candidate ID: 911. Additional skills include problem-solving, teamwork, and communication.                                              ",Machine Learning Engineer
"UX designer proficient in Figma, user research, wireframing, prototyping, and usability testing. Created intuitive interfaces for web and mobile applications. Candidate ID: 912. Additional skills include problem-solving, teamwork, and communication.                                             ",UX Designer
"Frontend developer specializing in React, TypeScript, modern CSS, responsive design, and performance optimization for web applications. Candidate ID: 913. Additional skills include problem-solving, teamwork, and communication.                             ",Frontend Developer
"Machine learning engineer with deep learning expertise, PyTorch, computer vision, NLP, and deployment of ML models at scale. Candidate ID: 914. Additional skills include problem-solving, teamwork, and communication.                                ",Machine Learning Engineer
"Product manager with 5+ years experience in agile methodologies, user research, product strategy, and cross-functional team leadership. Candidate ID: 915. Additional skills include problem-solving, teamwork, and communication.                                            ",Product Manager
"Software engineer specializing in backend development with Java, Spring Boot, microservices architecture, and cloud technologies including AWS and Docker. Candidate ID: 916. Additional skills include problem-solving, teamwork, and communication.      ",Software Engineer
"Software engineer specializing in backend development with Java, Spring Boot, microservices architecture, and cloud technologies including AWS and Docker. Candidate ID: 917. Additional skills include problem-solving, teamwork, and communication.                   ",Software Engineer
"Data analyst with strong SQL skills, experience in Tableau, Power BI, statistical analysis, and business intelligence reporting. Candidate ID: 918. Additional skills include problem-solving, teamwork, and communication.                                     ",Data Analyst
"Frontend developer specializing in React, TypeScript, modern CSS, responsive design, and performance optimization for web applications. Candidate ID: 919. Additional skills include problem-solving, teamwork, and communication.                                         ",Frontend Developer
"Product manager with 5+ years experience in agile methodologies, user research, product strategy, and cross-functional team leadership. Candidate ID: 920. Additional skills include problem-solving, teamwork, and communication.                            ",Product Manager
"Full stack developer proficient in MERN stack, GraphQL, database design, and end-to-end web application development. Candidate ID: 921. Additional skills include problem-solving, teamwork, and communication.                                   ",Full Stack Developer
"Data analyst with strong SQL skills, experience in Tableau, Power BI, statistical analysis, and business intelligence reporting. Candidate ID: 922. Additional skills include problem-solving, teamwork, and communication.               ",Data Analyst
"Experienced data scientist with expertise in machine learning, Python, TensorFlow, and statistical analysis. Led multiple projects in predictive modeling and data visualization. Candidate ID: 923. Additional skills include problem-solving, teamwork, and communication.       ",Data Scientist
"Experienced data scientist with expertise in machine learning, Python, TensorFlow, and statistical analysis. Led multiple projects in predictive modeling and data visualization. Candidate ID: 924. Additional skills include problem-solving, teamwork, and communication.                              ",Data Scientist
"DevOps engineer skilled in CI/CD pipelines, Kubernetes, Terraform, monitoring systems, and infrastructure automation using Python and Bash scripting. Candidate ID: 925. Additional skills include problem-solving, teamwork, and communication.                               ",DevOps Engineer
"Full stack developer proficient in MERN stack, GraphQL, database design, and end-to-end web application development. Candidate ID: 926. Additional skills include problem-solving, teamwork, and communication.                        ",Full Stack Developer
"UX designer proficient in Figma, user research, wireframing, prototyping, and usability testing. Created intuitive interfaces for web and mobile applications. Candidate ID: 927. Additional skills include problem-solving, teamwork, and communication.                                     ",UX Designer
"UX designer proficient in Figma, user research, wireframing, prototyping, and usability testing. Created intuitive interfaces for web and mobile applications. Candidate ID: 928. Additional skills include problem-solving, teamwork, and communication.                            ",UX Designer
"UX designer proficient in Figma, user research, wireframing, prototyping, and usability testing. Created intuitive interfaces for web and mobile applications. Candidate ID: 929. Additional skills include problem-solving, teamwork, and communication.                        ",UX Designer
"Software engineer specializing in backend development with Java, Spring Boot, microservices architecture, and cloud technologies including AWS and Docker. Candidate ID: 930. Additional skills include problem-solving, teamwork, and communication.                                                 ",Software Engineer
"Product manager with 5+ years experience in agile methodologies, user research, product strategy, and cross-functional team leadership. Candidate ID: 931. Additional skills include problem-solving, teamwork, and communication.                                ",Product Manager
"Backend developer with expertise in Node.js, PostgreSQL, Redis, API design, and building scalable distributed systems. Candidate ID: 932. Additional skills include problem-solving, teamwork, and communication.                                    ",Backend Developer
"Full stack developer proficient in MERN stack, GraphQL, database design, and end-to-end web application development. Candidate ID: 933. Additional skills include problem-solving, teamwork, and communication.                                  ",Full Stack Developer
"UX designer proficient in Figma, user research, wireframing, prototyping, and usability testing. Created intuitive interfaces for web and mobile applications. Candidate ID: 934. Additional skills include problem-solving, teamwork, and communication.  ",UX Designer
"Software engineer specializing in backend development with Java, Spring Boot, microservices architecture, and cloud technologies including AWS and Docker. Candidate ID: 935. Additional skills include problem-solving, teamwork, and communication.                                    ",Software Engineer
"Data analyst with strong SQL skills, experience in Tableau, Power BI, statistical analysis, and business intelligence reporting. Candidate ID: 936. Additional skills include problem-solving, teamwork, and communication.                                       ",Data Analyst
"Full stack developer proficient in MERN stack, GraphQL, database design, and end-to-end web application development. Candidate ID: 937. Additional skills include problem-solving, teamwork, and communication.            ",Full Stack Developer
"Product manager with 5+ years experience in agile methodologies, user research, product strategy, and cross-functional team leadership. Candidate ID: 938. Additional skills include problem-solving, teamwork, and communication.                                             ",Product Manager
"Software engineer specializing in backend development with Java, Spring Boot, microservices architecture, and cloud technologies including AWS and Docker. Candidate ID: 939. Additional skills include problem-solving, teamwork, and communication.                                        ",Software Engineer
"DevOps engineer skilled in CI/CD pipelines, Kubernetes, Terraform, monitoring systems, and infrastructure automation using Python and Bash scripting. Candidate ID: 940. Additional skills include problem-solving, teamwork, and communication.               ",DevOps Engineer
"Experienced data scientist with expertise in machine learning, Python, TensorFlow, and statistical analysis. Led multiple projects in predictive modeling and data visualization. Candidate ID: 941. Additional skills include problem-solving, teamwork, and communication.                                   ",Data Scientist
"Full stack developer proficient in MERN stack, GraphQL, database design, and end-to-end web application development. Candidate ID: 942. Additional skills include problem-solving, teamwork, and communication.        ",Full Stack Developer
"UX designer proficient in Figma, user research, wireframing, prototyping, and usability testing. Created intuitive interfaces for web and mobile applications. Candidate ID: 943. Additional skills include problem-solving, teamwork, and communication.                                                ",UX Designer
"Machine learning engineer with deep learning expertise, PyTorch, computer vision, NLP, and deployment of ML models at scale. Candidate ID: 944. Additional skills include problem-solving, teamwork, and communication.                                          ",Machine Learning Engineer
"Software engineer specializing in backend development with Java, Spring Boot, microservices architecture, and cloud technologies including AWS and Docker. Candidate ID: 945. Additional skills include problem-solving, teamwork, and communication.                                     ",Software Engineer
"DevOps engineer skilled in CI/CD pipelines, Kubernetes, Terraform, monitoring systems, and infrastructure automation using Python and Bash scripting. Candidate ID: 946. Additional skills include problem-solving, teamwork, and communication.                                      ",DevOps Engineer
"Backend developer with expertise in Node.js, PostgreSQL, Redis, API design, and building scalable distributed systems. Candidate ID: 947. Additional skills include problem-solving, teamwork, and communication.                                               ",Backend Developer
"Frontend developer specializing in React, TypeScript, modern CSS, responsive design, and performance optimization for web applications. Candidate ID: 948. Additional skills include problem-solving, teamwork, and communication.                                       ",Frontend Developer
"Backend developer with expertise in Node.js, PostgreSQL, Redis, API design, and building scalable distributed systems. Candidate ID: 949. Additional skills include problem-solving, teamwork, and communication.                    ",Backend Developer
"Software engineer specializing in backend development with Java, Spring Boot, microservices architecture, and cloud technologies including AWS and Docker. Candidate ID: 950. Additional skills include problem-solving, teamwork, and communication.                                       ",Software Engineer
"Data analyst with strong SQL skills, experience in Tableau, Power BI, statistical analysis, and business intelligence reporting. Candidate ID: 951. Additional skills include problem-solving, teamwork, and communication.                 ",Data Analyst
"Backend developer with expertise in Node.js, PostgreSQL, Redis, API design, and building scalable distributed systems. Candidate ID: 952. Additional skills include problem-solving, teamwork, and communication.                            ",Backend Developer
"Software engineer specializing in backend development with Java, Spring Boot, microservices architecture, and cloud technologies including AWS and Docker. Candidate ID: 953. Additional skills include problem-solving, teamwork, and communication.                                   ",Software Engineer
"DevOps engineer skilled in CI/CD pipelines, Kubernetes, Terraform, monitoring systems, and infrastructure automation using Python and Bash scripting. Candidate ID: 954. Additional skills include problem-solving, teamwork, and communication.     ",DevOps Engineer
"Experienced data scientist with expertise in machine learning, Python, TensorFlow, and statistical analysis. Led multiple projects in predictive modeling and data visualization. Candidate ID: 955. Additional skills include problem-solving, teamwork, and communication.                                        ",Data Scientist
"Frontend developer specializing in React, TypeScript, modern CSS, responsive design, and performance optimization for web applications. Candidate ID: 956. Additional skills include problem-solving, teamwork, and communication.                                    ",Frontend Developer
"Machine learning engineer with deep learning expertise, PyTorch, computer vision, NLP, and deployment of ML models at scale. Candidate ID: 957. Additional skills include problem-solving, teamwork, and communication.                                               ",Machine Learning Engineer
"Full stack developer proficient in MERN stack, GraphQL, database design, and end-to-end web application development. Candidate ID: 958. Additional skills include problem-solving, teamwork, and communication.   ",Full Stack Developer
"Data analyst with strong SQL skills, experience in Tableau, Power BI, statistical analysis, and business intelligence reporting. Candidate ID: 959. Additional skills include problem-solving, teamwork, and communication.              ",Data Analyst
"Full stack developer proficient in MERN stack, GraphQL, database design, and end-to-end web application development. Candidate ID: 960. Additional skills include problem-solving, teamwork, and communication.                             ",Full Stack Developer
"Full stack developer proficient in MERN stack, GraphQL, database design, and end-to-end web application development. Candidate ID: 961. Additional skills include problem-solving, teamwork, and communication.            ",Full Stack Developer
"Backend developer with expertise in Node.js, PostgreSQL, Redis, API design, and building scalable distributed systems. Candidate ID: 962. Additional skills include problem-solving, teamwork, and communication. ",Backend Developer
"DevOps engineer skilled in CI/CD pipelines, Kubernetes, Terraform, monitoring systems, and infrastructure automation using Python and Bash scripting. Candidate ID: 963. Additional skills include problem-solving, teamwork, and communication.                    ",DevOps Engineer
"Frontend developer specializing in React, TypeScript, modern CSS, responsive design, and performance optimization for web applications. Candidate ID: 964. Additional skills include problem-solving, teamwork, and communication.                                           ",Frontend Developer
"Experienced data scientist with expertise in machine learning, Python, TensorFlow, and statistical analysis. Led multiple projects in predictive modeling and data visualization. Candidate ID: 965. Additional skills include problem-solving, teamwork, and communication.                    ",Data Scientist
"Backend developer with expertise in Node.js, PostgreSQL, Redis, API design, and building scalable distributed systems. Candidate ID: 966. Additional skills include problem-solving, teamwork, and communication.                                           ",Backend Developer
"DevOps engineer skilled in CI/CD pipelines, Kubernetes, Terraform, monitoring systems, and infrastructure automation using Python and Bash scripting. Candidate ID: 967. Additional skills include problem-solving, teamwork, and communication.                                               ",DevOps Engineer
"DevOps engineer skilled in CI/CD pipelines, Kubernetes, Terraform, monitoring systems, and infrastructure automation using Python and Bash scripting. Candidate ID: 968. Additional skills include problem-solving, teamwork, and communication.            ",DevOps Engineer
"DevOps engineer skilled in CI/CD pipelines, Kubernetes, Terraform, monitoring systems, and infrastructure automation using Python and Bash scripting. Candidate ID: 969. Additional skills include problem-solving, teamwork, and communication.                                                 ",DevOps Engineer
"Experienced data scientist with expertise in machine learning, Python, TensorFlow, and statistical analysis. Led multiple projects in predictive modeling and data visualization. Candidate ID: 970. Additional skills include problem-solving, teamwork, and communication.                                            ",Data Scientist
"Frontend developer specializing in React, TypeScript, modern CSS, responsive design, and performance optimization for web applications. Candidate ID: 971. Additional skills include problem-solving, teamwork, and communication.                            ",Frontend Developer
"Data analyst with strong SQL skills, experience in Tableau, Power BI, statistical analysis, and business intelligence reporting. Candidate ID: 972. Additional skills include problem-solving, teamwork, and communication.                                            ",Data Analyst
"UX designer proficient in Figma, user research, wireframing, prototyping, and usability testing. Created intuitive interfaces for web and mobile applications. Candidate ID: 973. Additional skills include problem-solving, teamwork, and communication.                                                  ",UX Designer
"Software engineer specializing in backend development with Java, Spring Boot, microservices architecture, and cloud technologies including AWS and Docker. Candidate ID: 974. Additional skills include problem-solving, teamwork, and communication.         ",Software Engineer
"DevOps engineer skilled in CI/CD pipelines, Kubernetes, Terraform, monitoring systems, and infrastructure automation using Python and Bash scripting. Candidate ID: 975. Additional skills include problem-solving, teamwork, and communication.                    ",DevOps Engineer
"Full stack developer proficient in MERN stack, GraphQL, database design, and end-to-end web application development. Candidate ID: 976. Additional skills include problem-solving, teamwork, and communication.                             ",Full Stack Developer
"Experienced data scientist with expertise in machine learning, Python, TensorFlow, and statistical analysis. Led multiple projects in predictive modeling and data visualization. Candidate ID: 977. Additional skills include problem-solving, teamwork, and communication.                                   ",Data Scientist
"Data analyst with strong SQL skills, experience in Tableau, Power BI, statistical analysis, and business intelligence reporting. Candidate ID: 978. Additional skills include problem-solving, teamwork, and communication.                                     ",Data Analyst
"DevOps engineer skilled in CI/CD pipelines, Kubernetes, Terraform, monitoring systems, and infrastructure automation using Python and Bash scripting. Candidate ID: 979. Additional skills include problem-solving, teamwork, and communication.     ",DevOps Engineer
"Experienced data scientist with expertise in machine learning, Python, TensorFlow, and statistical analysis. Led multiple projects in predictive modeling and data visualization. Candidate ID: 980. Additional skills include problem-solving, teamwork, and communication.                                                 ",Data Scientist
"Product manager with 5+ years experience in agile methodologies, user research, product strategy, and cross-functional team leadership. Candidate ID: 981. Additional skills include problem-solving, teamwork, and communication.              ",Product Manager
"Full stack developer proficient in MERN stack, GraphQL, database design, and end-to-end web application development. Candidate ID: 982. Additional skills include problem-solving, teamwork, and communication.                    ",Full Stack Developer
"DevOps engineer skilled in CI/CD pipelines, Kubernetes, Terraform, monitoring systems, and infrastructure automation using Python and Bash scripting. Candidate ID: 983. Additional skills include problem-solving, teamwork, and communication.                                                  ",DevOps Engineer
"Frontend developer specializing in React, TypeScript, modern CSS, responsive design, and performance optimization for web applications. Candidate ID: 984. Additional skills include problem-solving, teamwork, and communication.                                           ",Frontend Developer
"Software engineer specializing in backend development with Java, Spring Boot, microservices architecture, and cloud technologies including AWS and Docker. Candidate ID: 985. Additional skills include problem-solving, teamwork, and communication.                         ",Software Engineer
"Software engineer specializing in backend development with Java, Spring Boot, microservices architecture, and cloud technologies including AWS and Docker. Candidate ID: 986. Additional skills include problem-solving, teamwork, and communication.                             ",Software Engineer
"Backend developer with expertise in Node.js, PostgreSQL, Redis, API design, and building scalable distributed systems. Candidate ID: 987. Additional skills include problem-solving, teamwork, and communication.                                       ",Backend Developer
"Frontend developer specializing in React, TypeScript, modern CSS, responsive design, and performance optimization for web applications. Candidate ID: 988. Additional skills include problem-solving, teamwork, and communication.                                               ",Frontend Developer
"Software engineer specializing in backend development with Java, Spring Boot, microservices architecture, and cloud technologies including AWS and Docker. Candidate ID: 989. Additional skills include problem-solving, teamwork, and communication.                       ",Software Engineer
"Data analyst with strong SQL skills, experience in Tableau, Power BI, statistical analysis, and business intelligence reporting. Candidate ID: 990. Additional skills include problem-solving, teamwork, and communication.                    ",Data Analyst
"Machine learning engineer with deep learning expertise, PyTorch, computer vision, NLP, and deployment of ML models at scale. Candidate ID: 991. Additional skills include problem-solving, teamwork, and communication.                                             ",Machine Learning Engineer
"UX designer proficient in Figma, user research, wireframing, prototyping, and usability testing. Created intuitive interfaces for web and mobile applications. Candidate ID: 992. Additional skills include problem-solving, teamwork, and communication.                ",UX Designer
"Software engineer specializing in backend development with Java, Spring Boot, microservices architecture, and cloud technologies including AWS and Docker. Candidate ID: 993. Additional skills include problem-solving, teamwork, and communication.                                          ",Software Engineer
"Machine learning engineer with deep learning expertise, PyTorch, computer vision, NLP, and deployment of ML models at scale. Candidate ID: 994. Additional skills include problem-solving, teamwork, and communication.        ",Machine Learning Engineer
"Software engineer specializing in backend development with Java, Spring Boot, microservices architecture, and cloud technologies including AWS and Docker. Candidate ID: 995. Additional skills include problem-solving, teamwork, and communication.                     ",Software Engineer
"Experienced data scientist with expertise in machine learning, Python, TensorFlow, and statistical analysis. Led multiple projects in predictive modeling and data visualization. Candidate ID: 996. Additional skills include problem-solving, teamwork, and communication.        ",Data Scientist
"Data analyst with strong SQL skills, experience in Tableau, Power BI, statistical analysis, and business intelligence reporting. Candidate ID: 997. Additional skills include problem-solving, teamwork, and communication.     ",Data Analyst
"Data analyst with strong SQL skills, experience in Tableau, Power BI, statistical analysis, and business intelligence reporting. Candidate ID: 998. Additional skills include problem-solving, teamwork, and communication.                                               ",Data Analyst
"Software engineer specializing in backend development with Java, Spring Boot, microservices architecture, and cloud technologies including AWS and Docker. Candidate ID: 999. Additional skills include problem-solving, teamwork, and communication. ",Software Engineer
